rna1,rna2,rna3,rna4,rna5
-1.064722374832084,-0.14565333323517862,-0.06277991970455257,0.2524536427675722,-0.5989372195400481
0.6789874907508415,0.10573505723466523,0.40093864261147755,0.5515381601481025,-0.801524958303073
-0.4836777406533495,0.038658264664060624,0.7374743675619831,0.21092297195986126,-0.23256546591067565
-1.062181086848251,-0.6585149853543768,0.39450136536707336,-1.1155943226471488,0.6615906595301222
-1.0447828984706378,-0.908751014263933,-0.28234536042004316,0.812434486072001,-1.811706751593697
0.4535768729350749,2.4276529131753586,0.588806722409047,-1.409290453220575,2.230625642188562
-0.21928217674908465,0.2011993875965978,0.8824666811173704,-0.09618379996031855,0.5814061325554012
0.2606200309731393,-1.2184169700279102,-0.9419817855262558,0.40950587119046505,-0.4560493644485022
0.049843228739286406,0.2668908258204343,-0.5207791655248715,-1.3365660803643344,0.44804550334319826
-0.2675400842425236,0.36521967583257325,0.8854115479787459,0.12191950706241755,-0.9221175102258535
0.6924807154253642,0.34784639399963774,0.19507253355890278,-0.6458940511114375,1.5238257926627643
0.32206972078269974,0.7449219361749025,-0.1740843021049017,0.7417989661972424,-0.04909766861977901
-0.0878630293726309,0.5755956630246672,1.635907968786093,-0.34150054347170683,-0.07154125389554601
0.5864205769930754,1.907955139104405,0.7890608730059969,0.18018899851097964,1.04156727995864
-0.6866106362752336,1.105782172161588,-0.6913978589385643,-0.5182036712589498,2.1738912619230355
0.39505486888291147,-0.3351862825709713,-0.2085508324323094,0.2593716945363396,-1.8456694371816438
-0.7205363693967616,0.6316826925641967,-0.7981185620628577,-2.016336449222333,-0.37457241662081114
1.6245130281628049,0.2490294638972787,0.9774886075411605,1.2632207342139927,-0.6492393060326437
-1.0222335523113304,0.4309177504829871,-1.0125072533653197,-1.6661613053297102,-0.21229414788655365
0.9300156675764834,0.032123881059543585,1.133948710022385,0.4729834515043943,0.8535728416042959
-0.2168161335656156,1.8092697438164616,-0.22359155782675824,-0.14600149322026368,-0.8472268988697177
0.3015516790039899,-2.0656239614402856,0.8820557726803168,-0.6254150044111612,-0.07698133203768616
-0.25040008355516363,1.8168643551767822,0.6675874483373497,1.5009541944553302,0.5787967006209758
-1.2019132440567606,0.5917838272247667,0.8017299534342334,-1.3985923260652127,0.6736236235906391
-0.17248615553553734,-0.7926213861953344,0.9649783665010545,1.1280334703269883,-0.35087565816979427
1.082665319218811,-0.6353673017485051,0.5458051104947779,1.7316781491378705,-1.0343405771121394
0.9479282843546651,0.3140552659172374,-0.5108639497693391,-0.7383357767727754,0.6239463335936134
0.6597056055743673,-0.4055134725267397,0.02702105343184804,-1.5761046054860588,-0.09516818697528122
-0.8976134170917692,0.25959813143533217,-1.3398456499091707,0.7674871287840499,-0.4341869297335266
-0.38315504052462007,1.13016771055406,0.3213489189914994,-1.2374909346154972,-1.2805357595706806
-0.2888523302443159,0.5277565043270153,-1.9442014383520154,0.7316642429334814,2.1190878507327313
0.896009293808501,-0.03973367418423116,-0.9969711696722162,0.8598036279645224,1.165577895268345
0.04315617084244938,-0.912872522264938,0.04520485592423586,0.5317422712822835,-0.3719402305453071
-0.8797724147543418,-0.8820240375810461,-0.6705468391028585,1.4231277871811792,0.6591219319849811
-0.9807308117963666,0.7104831965848212,0.6362522685318758,-0.5320789831607288,-0.22157945510108604
-1.0839359951096919,-1.6935774082120845,0.8755953458881645,-0.14735332994386707,1.850308500546025
0.47869418448916695,0.13468262684871257,-2.432734056597482,0.8074272845968434,-0.04015608773426208
1.4773431534365364,0.552730427264443,-1.4240846679846886,0.6811447561035996,-2.3154947787717193
-2.051862473814953,-0.3469760295277843,-0.317785910517218,-0.9072922744683278,0.8902476734144812
0.8682440368830214,-0.45046316292948635,-1.1122468877352119,0.5430153638824817,1.192673874299563
-0.1688976196376955,0.264449972924634,-1.5340613042046896,0.2598361229540704,-0.7471543562998987
-0.8120088343960715,1.687152737362396,0.9555738413694055,-0.7251513297468934,0.3310317832894726
-1.605394195303045,1.4599031751330036,0.049280640380165566,-0.4908863917334637,-1.4556476150513067
0.9819142819882309,-0.759358961108937,1.4065229819766756,-0.7147914263036672,-0.9080226849922388
0.7339799264829372,-0.5099269619289626,0.9766796313419625,-2.464953023096967,-0.1028967681824676
1.6839538126527258,-0.718658643505063,-1.1188606163325647,-0.8508668008285437,1.241023073508894
0.11787324963286396,0.13248670156019446,-0.1965246860360615,0.9099159683636427,0.36243715855721986
-0.7147974815703914,-0.09606378540724876,-0.21350635813110216,-0.23541120523596015,-1.494332775642733
-1.0607570374814215,0.15533967350889552,0.9548454362203529,-1.482164743958265,0.3159398667240353
-0.5127175219078587,-0.11250970903392182,-1.5082965521107383,0.3114656517484736,-1.543282230955846
1.9211734239268001,-1.2939764360447457,1.414366294892299,0.8578583034706161,-0.7137898121601844
-0.8548333885107154,-0.1438590962401909,1.2059139155366554,0.426750584402807,-0.50462757381591
1.2330274177470983,-0.9205131904580596,0.7277312379576535,-0.31761103239272537,0.44481482863351773
-0.1533339125918172,-1.3477063085394487,-0.5208815221411902,1.83419737776115,-1.729350498620686
-1.9624083748267733,-0.6432796903830507,0.45476027494593246,0.32190777855386754,1.5156862529136117
0.3011455344424071,-1.586416170853992,0.8250474283587658,-2.099580978803672,-0.3665561050579732
-1.4723933228829662,0.20218435592366862,-0.29356827488541726,-1.341506214928711,1.888895513978216
0.03044742834786321,-0.6989285012739502,-0.42460744632197267,0.39046399368724,1.0654795868841478
-0.9960564348142338,0.013808659886719386,-1.0588902421722064,-1.428116440125266,-1.4735069235652856
1.218445434685071,-1.2906469397755005,-1.8839355106587339,-0.46214373500489325,1.1602673707759472
0.6364145554785151,0.29028703317826593,-0.7776929244686182,-0.28287531290046725,1.468504145018208
-1.292737973456711,-0.364557427399351,-0.4944042305465328,0.2987506582356424,-1.6949528148772086
0.0027917536592484125,0.682438953422744,-1.2646548497743817,1.4263208720371652,1.0911040202602234
-1.7651312066945837,-0.9039309933342256,0.9029233494935305,-0.11391521814658571,0.13204071117515795
0.20371206037012943,0.2595749764612019,-0.8209535406622318,-0.8523553051168178,0.7054805886591947
-0.6217218382115322,-0.7624368637410786,0.10574748736996661,1.8695307149254068,-1.2122733225715627
0.1973354822396968,0.3609418686311464,0.06687018041280225,-1.8105657157303636,0.07672117742488435
-0.15787034325676116,-0.9076897074127365,-1.5126008509761912,-1.2973754564086457,-1.470202509621532
0.2685609765544624,-0.014634809616642474,0.017427177177755982,0.21891208179463262,0.5643759569230299
1.0200123573168256,0.5574841184487869,0.28967674175944347,-0.08051198429423236,2.3711852401535642
-0.21973608726007585,-1.0062346049024136,1.879471327482346,0.22097668681020108,0.7388068871835501
-2.2680756553648105,-0.9031146132897921,-2.4491788615273036,1.0382552243440992,0.7174962316839035
0.742321711464223,0.5932012218987894,0.8758936411567516,-1.602852189605157,2.4547917460775395
-1.028439017782306,0.3685853092656989,0.38240308139523566,1.0659893853842817,0.46854659501908524
-1.166380405048994,1.5815598534579756,1.216273328358671,1.4079309820353583,-1.480016944398674
0.734406319788558,-0.18490037708434243,0.28683170161024674,1.6196955672691264,-0.6375451601607962
0.336881233986381,-0.5074082799073218,0.9828736155447172,-0.0997604882319572,0.523692471457519
0.07618006372766516,-1.2437270909712534,0.04751264399083947,-0.5986400553096666,1.093133078186873
1.367914572954135,-0.568008169685346,0.5214554676314235,0.18496387369374762,0.3168416348872297
-0.9858855573612881,1.0799731257044414,0.8001717457303945,0.8395217797448558,-1.3341081830795467
0.23546078812940882,1.1020504406188127,1.536830790028909,-0.18339654937342775,-1.1684735585916892
-0.7728156719168942,-0.37361426293082756,0.9774159793069468,0.07451055957659992,-0.43105411537238775
-1.380237757708589,-1.0391512098933484,-0.5085703361525606,-0.5959782975146982,-0.5865678684743227
0.6800168903939806,1.5884505244066347,0.02516674594710036,-0.3682704633549732,0.12897224852643419
-1.485013394403281,0.5824296790836224,-0.7390181065017057,1.1704001194422715,0.5884980073631476
0.6297443024467074,-0.5262238266675857,0.9186583100157677,-0.09354871478046817,-1.9554984786786946
-1.3894720202648319,0.8818128281787128,0.6218424425747664,-0.6683196719493748,-1.9858588884675727
-1.214691014942977,0.5796496568977759,1.1182254729868757,2.2196834228820186,-0.21508107082496203
-0.14046214134507326,-0.10154281907668486,1.013530836507889,-0.4799436958115736,1.1455426675560039
-0.28190572173094025,0.3238124330218552,-0.6560774466775272,0.2821144170628642,1.5703839642402788
0.49102252336165236,0.3033134023309822,-1.3718134042746224,-0.4209067217315812,1.8075015218520862
-0.385976008626497,-1.420343854963269,0.27554027360108835,-0.10724340225875337,-0.6710043234226936
-0.012502854317578365,1.7094956897857343,-2.8329095383442215,-2.538751123298529,-0.37081567331293874
-0.7284204086014248,1.1024518242632482,0.09702814032163508,0.2331502257131085,1.258438267713529
0.5827710184523809,-1.1333916711304959,0.17541533877440452,-0.46547218239799004,-0.21233051392494504
-1.4034972558119754,-1.1869643333974378,0.1352729326897832,-0.1875065922232465,-1.3579893634632936
-1.8702610233519428,0.3100222643017575,-0.014465223440909787,0.7280415135731384,-1.6338694299259366
0.312496307773644,0.09180756842454081,-1.724913752717935,-0.37937030104085656,-2.3589124185587615
-0.3528582057167957,-0.4242635797863777,-1.1507616548404047,-0.8691257080688319,-0.5862482851945334
-0.862814241199312,-1.107291288618003,0.8841479653098607,-0.330005385174664,0.8249726473054337
-0.4518064739099243,0.18945856492937116,1.0185482427427193,-0.4542961873112347,1.5841535026226155
0.032712263933029936,0.5389077304557398,0.43345592215247725,-0.8935298835649014,1.5392119394068826
-0.24564765241220682,1.0342067464809361,-1.884605514329828,-0.004584578427376071,0.2873210610817056
-2.2556327201862696,-0.8131966649103168,-0.37300934382462075,-0.8813748202884569,0.8863588954095506
0.3671282969369669,2.3362618095581986,-0.5776397795452801,0.7155866577454801,1.2288428707489727
0.35157946157175174,-0.6035692563271728,0.4811134575828778,-0.22629174329125595,-0.5773390530684138
-2.080297419573688,-0.992886787918945,-0.3272908225660718,1.017680276665501,1.172895046756402
-0.42583152922045514,0.2567832977458674,0.2592278611745877,0.18867282912362313,-0.39408691489867276
0.3903351329815646,1.317713235345574,-0.3809600300341173,-0.4917472822368217,-1.4842812007219044
0.018430510873095347,0.963675986525498,1.335536142860584,-1.3566231266271023,-0.6998425685460388
0.6238172630887872,1.5436464835422152,-1.8904109300173961,-0.7458117748442659,0.09471619501114226
1.1717872666768558,1.6926197196032917,-2.463312004655546,0.3270811012876658,-1.2516390879830483
-0.6822324164598912,0.3947316629808604,-1.005639649296171,-0.19009884504298918,1.911788146921435
-1.6395799659295136,0.21461226599845587,-0.7319125314371683,-1.2548237894989842,-0.8782498961277909
0.19980705543983832,-0.6068637758411988,-0.06372878183593854,0.040185696030426606,-0.5004593059600115
0.13918469051132915,-0.44562335532192004,-1.0059563401832274,-0.11226108697730139,-2.1484477015791046
-0.24592173534473227,-0.18935312690704229,0.12688495008806042,-0.05631758299336986,-1.0533629976971788
-0.6632034010950416,-0.23087834497955936,-1.8089830502138071,0.3887620150646536,0.712056469043245
0.3857583374217776,1.8575198518586273,0.7951930758646556,0.16050815877777364,0.9013659967410254
0.1710261382992882,0.3552098516206386,0.4708044913112717,-0.4907991518099616,-1.0509882965394088
0.5824492836128474,0.21695720093001739,-1.4222092444827603,-2.1704433423075358,1.1784811972755447
0.33794002462858264,-0.49601539590404686,-1.0183496901200035,0.9739856914423348,-0.6967349803343282
-0.5203690744706302,1.593265537916048,0.31945217348723565,-1.7095688821377604,1.692657729606234
3.249739814752997,-1.1012595906871359,2.213966106193403,-0.304246307018342,2.5919501204099835
-1.919537963485664,1.0932931272857305,-1.2117195290194442,-0.7468053165251829,-0.4701759841120813
-0.07378708743332318,-0.08710250423464057,1.0156334706113532,-0.46809886301256004,-0.39152374805109
1.554721178568444,-1.1558344910009304,0.139446267803648,-0.24193967975289546,1.0854453418095844
-0.19471778005246504,-0.8243740997383093,0.21529318053084895,-0.10888062020172126,-0.3055863635313133
0.5451423373026226,-1.2277579765974755,-0.01608275810225161,0.7819137190245581,-0.23713613396474714
0.15935454697509824,-0.3351256448518985,0.3475716304684431,-0.2591002673020934,-1.0807976030725956
0.9331120885871081,0.5532683986371909,0.05319983834523313,0.7825941592133411,-1.5215813727074243
-1.85275276437786,-1.4063924493057587,-0.5263172866554929,-1.12148912379541,0.4299507705234484
-0.3548306476012949,0.36656640066473495,0.35706803562352757,1.012694900417534,-1.6829385802331913
1.9230929470147837,-1.1260989678514586,0.08828614654042398,-0.11790045392809628,0.07997715145905704
-0.7428096941018242,0.08402494548245037,-1.4101663168078653,-0.8682353326757631,0.02449778209615614
0.030505292041298905,0.23678335569454328,-1.0746460389919652,1.2629459561573961,-2.681156592643945
0.7009245258396041,1.9795356938424917,1.0876508232727875,0.9670500025744402,0.3056461672785154
0.5204319323426425,-0.16182849968098692,-0.16838413468008193,-0.9571491378846305,0.8587235209789224
-0.9537686599095161,1.0563250323385196,-0.37990833463590457,0.9198684330727197,0.008734868148349732
-0.9424364959328199,-2.304598734124499,-0.12608587852550646,1.7737138935988286,0.5458180931859377
1.0103249328647468,-1.551869128076546,-0.9349003278180411,0.31089687483545797,0.43383503067419776
-1.0720676708936066,0.48576938802201153,-0.023674304461363396,-0.43536389709228157,0.9068652471554292
0.050762999464437776,1.495376198847192,-0.478047098250431,-0.16228097051703472,-0.16263071411026095
1.280447153507876,-1.89833803760517,0.6007941039288816,1.2960604271473535,-0.7153247530782223
1.5673714798338676,-0.2630956675915853,0.5960151404628429,-0.2416578022174346,-0.20640843346510532
-0.7264527808530195,0.45418589583599084,0.8405711453651579,-0.8693497765292435,0.8642044177230974
2.7132297826844582,-0.47142968522013307,1.1760573809220705,1.248031676083245,0.27508944229841953
0.973902340286065,1.2117043554389355,0.23912674352017077,-0.17009187953427854,1.1964116292390394
-1.255291954152218,0.22269607419187842,-0.8730285759668104,-1.3062589051914695,-1.454581580633603
-0.6979436995550333,-0.09672146509763521,-2.4117505506670267,0.38041383814503943,-0.4526923092441554
-1.240622828563773,-0.9910588658333804,-0.12193649257464498,-1.176266865346284,-1.4120360215546652
1.9062022726102936,-0.8578335135498557,-0.9792524850304001,-0.3626402039837114,2.4159616451030095
0.5018750300823687,-0.18376194065803106,0.9541110471028199,0.9800733376413213,0.595792026498037
0.7044434313363449,1.2159880465681878,-1.3807199137440558,1.7865914900700726,0.2168954165022238
0.07812177773456301,-0.9892131587908086,-0.10991124699185621,-1.0155407563254932,1.586971937666913
1.4192839298394069,-0.2350337675253104,-1.9129273635475454,0.7958569035414413,-2.460971126848744
0.5906762600328059,-0.346758439479691,1.6628747534994537,-0.6266691654507156,-1.5924725587433406
-1.338004861747408,1.3492872682562804,-1.5015277392056736,-1.598720701204862,1.3883099755616415
0.6331514038537401,-1.1909716823058158,0.0021277076113083025,0.38198817672728824,-0.6763658391764341
-0.8270503036943768,0.9128038329983031,-0.6175135603238038,0.4332009876393708,0.9687643774693342
-0.8562162923821681,0.6941203285954384,1.0429885327801944,0.6246555979776148,1.431086757091868
1.5511295717075795,-0.6853919635641259,-0.0667378864139459,-0.06242134317912326,-0.6067640094901018
1.0499947544553467,-0.35638327184508894,-0.2584797205750095,-1.2850763539715588,1.3688349823503179
0.9966767365886527,-0.489144444100212,-1.6375622905282003,-0.003816789423477072,0.5388096715417519
-1.2070743400888393,0.6177632384478833,-0.6848923136432881,0.545275531974395,-0.7329861078110131
0.21114326393471317,-0.6114617075140913,-0.9557513190474947,-0.3272033897121286,0.603649717393071
0.7051977515542247,-2.9784116935107297,-0.5232060320967672,-0.2654656196017001,0.06927134164160811
0.9886016209791763,-2.0432690680599137,-0.2094913976932537,0.39680618632731474,0.8665260937066297
0.6402968450080138,0.9520833960754426,-1.7224138216425617,-0.90143761581619,1.4871597182278657
0.4668353406480602,1.152598124404072,0.279321720708645,-1.1517185654185698,0.2646563822746118
-0.6108105790604957,0.013686999891744805,-0.9592297782654358,0.5713524683849228,0.3362595685635149
0.18184240530133433,1.4560558941209631,-0.10319614587188038,1.2031988084092786,-1.1605818332502007
0.030413151197545927,0.8040899257801281,-0.6234420109473021,-1.567356824457245,0.04712759833548959
-0.46046493658429366,1.2950670769987593,1.3049932306923915,0.4898213046757896,0.4725799049289738
0.37399209050431004,2.736332297482914,-0.9715516751806135,-0.47029305320177445,-0.966448197504538
1.0074108657138852,0.2870186952044307,1.8597267306511416,-1.8277127466973473,0.5309621723953307
0.7881056992357561,0.7768364382086479,-0.1608399620035143,-0.8832553179325143,-0.612042785295311
-0.4102081841274222,-1.3979817257925964,-0.30412055186080855,-0.10078518825394857,-0.3081237602530301
-1.2574813473070126,0.2118321056448273,-1.1405473045210588,1.0301273620919358,1.8824614148735124
-1.00052115168329,-1.770939240627223,-1.0433460515517634,-0.004007390318176033,-0.9972472700923386
-0.13307927953872253,0.46025276162096745,-1.028712550995687,-1.1190971737441937,0.42745614643715757
-0.8849955519073697,-0.7397529838285072,-0.09743645712028731,-0.1792280753757713,0.4682796856409324
0.35288343609591777,0.1267704792746749,-0.909659465760304,0.7736933020432927,0.4006726079280161
1.8268950367732635,1.740279216739248,1.413398505137447,-0.28764004364195644,-1.090852087960727
1.007771712847678,0.2842152822268122,-0.051128927968961686,-1.1649903971473796,0.5673620988976504
-0.34161736887542926,0.6174171007018792,-0.13109994766525965,-0.5829206272255678,0.34992010516676364
0.5580280049576132,-1.1839467692642829,1.1903764458274346,1.1412042256074861,-1.244383344596144
1.096251640190428,-0.5218120226250867,1.5914187672389493,-0.6584877844335423,-0.4505161408783582
0.2215718426512915,-0.621729549053673,-0.6038335244865219,-1.1978937631638096,0.8095358449055892
-0.10622910149674437,-0.5486606674758773,0.10475986589110044,-0.4922490628899038,0.5833810262915308
-0.2217616968318821,0.164475553688914,1.6490712252176363,1.2100299146603886,1.2674663681520466
0.4211395275456601,0.7216906171614165,0.11272309682305277,-0.8931276758844878,-1.539444860037311
-0.2169371695947645,0.9811580103579427,0.7155120269075886,1.0699062663261665,0.515703101315967
-0.6748160619257391,0.22224674639042824,-1.8131050503988013,0.8735467891291955,1.3113985840078528
0.3897046707914184,-0.534896084356435,-0.42970421231065287,-0.41894852908430036,0.0015126739282883641
-0.1602844215458723,1.1722457992480175,0.9024549873101426,0.8244658965358838,0.4554010114604991
-0.10228522381469672,0.08291956330857157,2.271161605819141,-2.7103894753865156,-0.9963880485990871
0.31761436438844953,-0.5980234199574933,-0.25791151171835663,-1.5389339130291753,-0.18594376449882408
0.6661167738199268,0.2019104607499468,0.08697542951692384,-0.7603584037404865,-1.1490408352514936
-1.0890518652896282,-1.59585491300448,-0.08589361511589733,0.6158559757121709,-0.07898872016920232
2.685563371935586,-0.5090159621873045,0.21260113678975934,-1.003832689698497,-0.24408270724253064
-0.3032797252737305,-1.2082295975925867,0.31006831147801545,1.253845909410784,1.0207848730348392
0.837609459259436,0.009200262670807468,-2.059583058542503,0.2212001605977644,1.2503329946513937
0.22602910195043494,-0.09813273868287285,0.24293620577158093,-1.7293169406420281,1.476075037186773
0.5989485158779609,0.5442064040757738,-1.8126495003472929,-1.0449683949379291,1.152691918163742
0.46133572877122814,0.200213543883941,0.4140360040265952,-0.33237648125701086,0.26397940904955036
0.9150800045939489,0.5619935423967349,-0.4815721292236055,-0.03923580415023317,0.8602064477746961
0.30207068910788204,-1.1156592452373533,0.41784743634531823,-1.398229113957504,0.35163642613900503
-0.6814252523519116,0.538813371428467,-0.43346219147454457,1.7222426099576207,-0.5381359738448112
0.6602137257466872,1.981464308968068,0.16077860058379856,-0.9630541097471526,-0.1916261403200074
0.1452882084920532,-0.7350227424811746,1.9157642277932492,2.2656161745134864,-2.255612377708218
-0.05794643289876486,-1.0252088746071217,-0.07891352855341748,-0.10668401178006158,1.3857558717227307
-0.024144865273428594,0.44459540762586475,-1.283232529207428,0.07994533405589382,1.2231521342012115
-0.4773375475736416,0.33978466620558584,0.0026843818926062303,-1.7576220545282533,0.7997625918455398
0.6802560428147025,0.8966934673895497,-0.27537640040596717,-0.28667585483827135,0.802631936451625
0.24664527297110075,0.8228185572274701,-0.7938621946071872,-1.4537532046964037,-0.48548183254411176
-0.06473801085301167,-0.7943841651488218,0.7173809228422134,-1.0753654928355307,0.46028402126275847
-0.8731955391782869,-0.5908272602817318,-1.373210486932313,0.5012155161829247,-0.10470181274746465
0.3651895481008469,0.21520390328204944,-0.038815913846755076,-1.0921551984748445,-0.22630781233621616
1.2436580351679198,2.8145695299827325,0.3499358055396062,1.472052995770271,-1.4777927753681102
-1.132385982143127,0.39030978200994293,0.4093547830245071,0.1105843921130862,-1.3334010266075325
0.35156115934528065,1.3667090444996273,0.368286944589508,-0.5806759028413125,-1.2456147468803846
-0.7021250242807383,-0.7744153652074169,-2.342230912765411,-0.8621861669211747,-0.4913347779324782
0.334862908561417,1.9306626859664164,-0.000532145523116946,-0.9275342126821395,1.3126476152521098
1.6184737788067913,-1.587529184631482,1.6639468726653492,1.1013582572949656,-2.2013588197061784
-0.8979701142225438,-0.7336105489069433,-0.23309330887838015,0.37752402318890793,-0.20221092931249965
0.8159307350858851,-1.5783556653474573,-0.09154853271871895,1.651850827900786,-0.3205652278839871
-0.366835674089075,-0.5889472691466763,-0.6520831560349181,0.4262559104882118,-0.15177550441948973
-0.014831754337707097,0.2928342676360566,0.5409689741612701,1.008584996147519,-0.640400106008315
0.26034678589680704,0.0674034467387516,-1.580359988546939,1.3650186536916364,-0.634410789370167
-0.37387627555695363,-0.0981366919941384,-1.4357799215159832,-0.33147973977864553,-0.7459268660246309
-0.8849515453814183,-1.1963415798387373,1.2194166599637024,0.2436250067011472,-0.7862000292376858
0.306374324986072,-1.7075254857685576,1.0156378568117572,0.34872044026931653,1.42696687822941
0.8243328034486533,0.24998225071011024,0.8225398008628189,-0.5718601255056224,0.17283086278422755
-0.24358202774175627,0.0882858059818369,0.34395638146193847,-2.255516789922014,1.306705857060341
1.5203359240494438,0.0027417141235984255,-0.27388112085854577,2.134816406229452,0.5936913121830814
-0.9512267320429908,1.701126340396462,-1.5364204676621933,-1.804242232612836,1.3791628172019867
-0.5371651356111657,0.23616085064191653,0.7774252017952571,-1.2421525929610309,-0.0650138291360235
0.6462239813527881,0.6241003455334865,0.65889422148863,0.5372871458438833,-1.1359082927363586
0.27830942769393086,1.330513817508847,-2.4622385610899253,-1.0640385197934255,0.16114361566897717
-0.6622323339919892,-1.2416228192280763,0.24330756934292655,0.09571240148479614,-1.4481436930230343
0.4209903731586816,-0.6485225682019483,-0.19492385866531087,-0.20689144567029652,2.0955462983910333
0.14406763768767364,-0.19281953814293878,-0.11912471118486608,0.989012955155677,1.0073378455360278
1.0381731784408788,0.7348118843887704,-0.7916577337666402,0.25381214744351344,0.36421709839032707
-0.15452013025730071,1.93326439728919,0.6641522965955615,-1.0631184412010815,0.4607844849828416
-1.1650220295414482,0.2473407932274403,-1.734345114914224,0.055992724976257575,-0.24948393074926753
-1.9740065323530214,-0.40248050286415976,-1.9339687744044955,0.4121607874379136,-0.6638064461212916
1.259105510512059,0.5861828231760011,0.370147512727871,0.9878932383259088,0.9133472541871681
-0.1216863767613194,0.7127855501850551,-1.3391929301443932,1.172815799474014,0.8473646413065176
-0.5694736692898916,0.01884985509391085,0.224035969656662,-1.3016868487895425,-1.5990680912974782
-0.0999081073644498,-0.273227375522458,-0.48782774316361344,-0.9372022821870445,0.1288557335595851
-0.6944401047940425,0.21255729790781197,1.0100455481581418,-0.3428057469462067,-0.3187774770187207
-0.4522382791975696,1.5818470179690234,-0.5720926758707874,-0.8037139192191656,1.0653900713561921
-0.6872548612628386,0.6547461187759168,-0.3430515012204059,0.5229492969462646,-0.46022255247970567
-0.6401080199479356,-1.4446745589149654,0.8640384918685994,1.5104051956720108,0.6685482846977507
1.7192428068129182,1.0147255897449816,1.3488264868170727,0.6486902871957203,0.7415252059866843
0.595717330676434,0.8416923673108179,-1.1705933958155468,0.14270255353951747,-0.11649474686302583
1.8227345521685552,1.2450292362173006,-1.1917161715839673,1.0325400941490925,1.5589461800950735
0.32355605519840963,0.05848029576316514,0.05675100543888443,-1.4621496879122977,-0.618638454706269
-0.46992438207461446,1.0187042333448688,-0.2049155443751457,0.357211376418603,0.1124408361715367
1.102424828431655,-1.0674956391276775,0.3416479692857843,-1.882032586813565,0.4131581545789726
1.4568187819816674,-0.41984984436268064,0.7447573048443444,-1.4850115866156535,-0.10569264217721477
-0.5322954951791413,0.3833154359948738,-1.1496340992369694,0.18477539662765427,0.5083158559301767
0.6550190050614688,0.7060148913284556,0.4695007984619036,1.5130605839017075,-0.8254480008805236
0.0794809721909241,1.3627554254801277,-0.15335644640896717,-0.19675940456700697,-0.01816049933343065
1.238202334488892,0.2637248429188784,-0.8741129136299718,-0.035434473884020455,-0.466945210708729
1.551640174280138,-1.3388292309288023,-0.019331267901710168,-0.344620585513337,-0.9867311118676613
1.43157829725568,-0.262036218684797,-0.6430250523037325,-0.4465596699488378,-0.7834958227599416
1.0097213992981222,-0.3692872621077969,0.3149182989699292,1.506898056181532,0.5076815201165477
0.19433573286595943,-0.8507053493037322,2.397097219837803,-0.11217456114035237,-1.1254589802082393
0.17121243339547015,-2.1443890810939052,0.3182700846915088,1.4318133342812116,1.811818706858337
1.6551392623948362,0.9209408787082977,-0.9409747013606465,-0.6019782679696332,-1.3165353269658486
0.36197081361955313,0.8701260592392045,-1.5678659708488492,1.8340523130788526,1.6491593843417893
0.4801798158479644,0.07161424581926489,0.14394219082920245,1.3757032299797018,-0.9887375200809915
0.41805877286869314,0.21482473637581054,-0.44258888907760713,-1.5078804825746988,-0.025513754576825736
1.6760090681896933,1.887590206635797,-1.0204293581182513,2.3133336217572062,0.6108114356736919
0.006696011516229561,-0.7011443986078026,0.07935618849903735,0.645032043738056,-0.21609238036942396
0.4729961476865412,-0.5082455291875982,-0.434514644775668,-1.2249238663347024,0.8941162846611846
-0.9489513271110024,-0.3269264455478641,0.22360638284912002,1.307889396910338,-0.271072031693055
-1.273732425148966,1.1903608545062778,-0.8437169032122392,-1.9627827121634434,0.8834891974017646
1.0121834842318038,1.0475164319791113,2.0224908147478673,0.003149632599026555,-1.3846873029494196
-0.6825490444362988,2.1785091836170754,0.7821255153310359,0.27790874378944136,0.3996565361367397
-0.2772791144760046,0.1936865418719952,1.624969968817238,0.022764096321331386,-0.2873720037174451
1.4728615458037222,-0.26769791298497486,0.2722503848709241,-1.1183792231641816,-0.03284643169920118
1.0611651300929619,-0.8354736590231321,-1.1752087583496869,-0.26765706284794144,0.004926677119850294
-1.0695708224604703,1.3831061988518447,-1.0221025038262026,0.844159975074553,-0.17027626713984925
-0.43968795593042687,0.14680621326669127,1.4595227532350532,-1.0180395694820727,1.4383647544668838
-0.3309813277406603,0.724391800034802,0.1388135901374637,-1.1438800385782708,1.466860857408871
-1.6801231156121736,-0.820962026966577,-0.09355304054382292,-1.649558364169734,1.1515889531052088
-0.12584470042585624,-0.9667474727412275,1.7441553615542338,0.44848690562693955,-0.9905972852063393
-0.612272896857416,-0.944925809690256,-0.3443767368712826,-1.7698668571239615,-0.48394451260352994
0.6499968668654698,-0.567434229648449,0.6878862282957273,0.1520951815874432,2.3457033627775994
-0.20680292683970167,-1.2069690271898916,-0.926737409675336,-1.629641804029448,0.11465359062720873
-1.7989688034795435,0.5035735119147544,2.0924657011372685,1.0466873978793232,-1.1996310582498646
-0.4064441660493995,-0.7057437895348292,-0.16298352582710413,-0.7841046075634172,-2.2839186143821615
-0.06804389788027619,0.5979614539065128,0.9573798327798493,-1.6390410796295054,-1.0574539117193427
-0.19468207448953484,-0.06194773087719349,1.091716957023745,-0.9889427613736793,-1.2926368128319632
0.05009278355536837,-1.601674974119621,-2.0153358947177145,0.055131509888412325,0.42691441808182085
-0.78152614622159,0.5129018484346846,2.480198011813475,1.3886216324876437,-0.39458098421794374
-1.38586267829921,-0.5549166645572424,-0.05354960703213805,0.6922070456454271,-0.15298552304996804
-1.3829958550283985,-0.3636769930894128,-0.7973399992897605,1.4790861762205714,0.7738654905865106
1.1936073578669295,-0.26504806581814216,0.10864391048595794,-1.6615050656147146,-0.26703316197940413
-0.728932925953959,-1.4782752733354085,1.1658937698737462,0.6255462984796376,-0.24195641652174418
-0.5555107457270572,0.7714073481719063,0.6183367996423335,0.6968071660113523,0.2781071348569317
1.684249625224363,-1.1182769674895794,-0.9809150015631761,-1.1327657970768137,-0.5887699660617609
-0.7580460785424766,0.44405106084425566,-1.6080645207892799,-1.3223244818807238,-1.2067719670550274
-1.11797222947056,0.6745331282478246,1.1217706745921159,1.6384018328123018,-1.2598727536086682
0.41758022607965567,1.477153047882103,-1.1522356410626624,-1.8187456785269287,0.8704502871512526
1.2661085368392642,0.3302177384076418,0.36348648500415826,1.0977051062514522,-0.8182931335527105
1.530569797803437,-0.4419848884253608,-1.756299500143771,-0.18572155209748417,-0.7883017610809249
1.780983703293918,-1.2886608418468317,1.2000288601321014,0.3450747071529575,-0.7335353319014717
-1.823004458590781,0.23010473938736767,0.4783429043617084,-1.4664020694230662,0.9767954241057879
1.0472813129013219,1.3156383689877627,-1.4480081228721886,1.1348550981631287,0.7019328548471478
1.217465901651518,-1.5358489826937851,0.053661417259431174,-0.5069133728955678,-1.8030939738044578
-0.49698838388637434,-1.5147621774727054,0.04462906771471998,-0.7571861431036653,-1.2537711598506254
-2.172528407770692,0.18730382665730227,0.5881958727753525,0.8815209108842849,0.3226621666553055
-0.5310649511698249,0.07883143885532629,-2.0678083093779955,-0.6004049894665965,1.7822900666514068
-0.7581531325387204,0.8559520000142203,0.05044021942062545,0.01225067226267323,0.753980333767664
0.03317596645966574,-0.2715634008962817,0.33972511274597694,-1.4256434747234976,1.4787178516006374
-0.8701598932922933,0.2716596101029878,0.12030614130328982,0.1917817923926245,2.1874487720014497
1.639783175303255,-1.873753251276239,-0.303234677400554,-0.8366034290979629,-0.795922738085835
0.4263257354813554,1.3647242461020166,1.1080372141028516,0.8587879103864233,0.10743754036485648
-1.2278174763344292,0.7797277898110162,1.2104441503479124,-0.4749141155937152,-0.44233465716727677
0.9208739847687412,0.2412343720757636,0.48632223969276595,-0.40906756190852395,0.7032401067401299
-0.41497768264020285,-0.6923549625406312,0.8400077544247516,0.33148009302620707,0.7975510963867344
1.6905530441992285,-0.1251259536709195,1.8695046515327012,0.27348544533684055,-0.8707640617995189
0.22897431863598275,-1.5785873559270471,-0.5048363672128592,0.37000677734938087,0.22034089307373628
-0.5949465103128456,-1.6941552823103398,-0.3356945448018676,-0.4286268713360041,-2.439063590354421
-0.5999134329376904,-0.2789400183468745,1.560009668536042,0.2213618902021794,-1.5219872018871137
-0.4447019313332036,0.09331549558034646,-0.3974582739293587,0.2373719895008644,0.942608239536144
-0.27725475326597665,0.21289832100665956,0.8906981864785174,0.024988929146758453,-0.2097520905209426
-0.28861002719528833,0.11371763808091198,0.5679375135963503,-0.2960266452586305,3.1242337406527
1.5918678993113995,1.0060242493133513,-1.6947106603893891,0.6184083135301109,2.4163525529775853
0.8056298820212209,0.21912207685849122,-0.3632828701337571,2.068353442881915,1.0711936848983192
-1.7540931981027725,-0.006515546766809663,-0.2090659050990243,-0.012685010509120215,-0.5587701969187049
0.6677469933225509,-0.2563017453089702,-1.1092535972031912,1.0544663769048506,-2.0437769608338296
-0.2879703417200304,-0.14525451702963985,-0.796642713219199,-0.8450259909594527,-0.7453736031876976
-1.6086264823414578,-0.7343534840197067,0.48355008967491575,0.93363953145984,-0.3280194400274679
-1.0506967721284537,0.16514475504399867,-0.04297507705154609,-1.0285195180916937,-0.18437639806797237
1.6481616398403265,0.009879065734392027,0.8278684203719299,0.29867343647332406,0.46038493937227276
-0.09165952045380985,0.7007928995409256,0.7584121784338376,-0.49202729161380476,-1.5701650772044324
0.0794434192769954,0.18570982491363874,0.051926987795118305,0.10689981788028102,-1.1596110711817362
0.6149586963435287,-0.4851064547769869,-1.1891695813281657,-0.6490231756864349,0.500165010108485
-0.11769431980371706,-0.6079906967536429,1.5994387776939194,-0.25962063672327934,-0.6758117680591853
-0.9564685285176908,-0.3578487523165167,-0.8198817111636946,-2.3892588170074673,-1.7666402829442263
-1.0117351905966383,0.645552872216421,0.991642086192522,0.20602031361380857,-2.604002615615564
1.7759133117155863,0.5416185733650843,0.18820203914975364,0.5480935045760714,-0.2853295287909897
-0.5564539622848911,-1.1275188213388703,-0.7881126801892414,2.0693041231879947,0.6947703773590677
0.9271681803233418,0.5094286250866812,0.3560703479392436,0.14575877637785065,0.07773754199902734
0.9359695001946373,-0.7147464921254649,-0.4940101336579642,0.5459840271092252,-2.376524783689765
-0.48463882859964424,0.5267593219104849,0.4598845067502886,-0.3955376515748177,-0.5928311170152466
0.2606639029877036,0.009165883888109306,-0.4152229935128058,0.6155639362297558,0.9527747448742651
1.7079132135851252,-1.61428503201588,0.9972466342406485,1.4293577618179931,-0.47743357564503186
-1.2225436193943835,0.9578200721452744,-1.0326334389605185,0.4625491941534469,-0.4436497920379192
0.8268269827487084,1.3771519983195057,-0.5628008989890512,-0.44713467036028,0.3110163340849746
0.06028441945739322,-0.6687139665121057,-2.432903522351277,0.5622895579179347,-0.49674278022797047
-1.6815253645418937,-0.6890818879119537,1.6160937502836616,1.5470354109801423,-1.5168976936643679
-0.2813355750223327,-1.4339858636012972,-0.8517518208333872,0.37213560789639766,0.022238865459031133
-1.1107119551118194,0.545746955860861,0.9171614047197016,0.2076272702176332,0.08638689776488806
0.6308502905024479,-1.0284585697977442,-0.4089860505342037,0.33397617757267284,1.2238768050639122
1.632834331443937,-0.8679633253771709,0.017290532640890977,0.8111621388851016,0.3949513005869048
-0.7832674429692317,0.5928580505282969,0.9699603591504171,-1.4477598313982056,0.5262078176914842
-0.07506789690627204,-1.1981511346288851,0.2903041099945228,-0.45000744130365633,2.0491125717906744
0.454801903107888,1.2859760553841544,-1.6087168739420732,-0.5552772756453012,-0.9336472335341897
0.9973356886379555,0.5697510695026764,-1.2890768363230574,-0.4359744308433729,0.12769908212012446
-1.3507412502815699,0.03436454937891779,-2.3529530482568672,1.3466742183391769,0.3021214470463882
0.3989563805877314,-0.28256341028003956,-1.426193050516448,0.34458914921218065,-0.7903523654293126
-0.7028355113360287,1.1533610692497291,-1.814402413612191,-1.640243239912312,-1.941940515980655
0.42802286570090137,-0.023053780576376914,-0.08875578943032678,1.8257668441566084,-1.1128924022858109
0.926358121500842,-1.0604748681503338,0.05510283732927882,0.5041940934843007,-1.5528034758868745
-0.8478975234076586,0.4728909011026902,-0.377160595731821,0.5498323036902063,0.7126478852465916
-0.14721611609583632,0.0607098501770945,-0.024129402124144828,1.4101007414126947,-1.3798271745675081
-0.23904665127668995,-0.15993459266479207,0.5941963130236348,0.07611201929299799,-0.8920017716432819
-0.9436659045440183,0.7495021263268569,0.9525549268902175,-1.3313276466730433,0.05367656061708966
-1.5805280356880842,1.1457954704506021,-0.15244272164506897,1.3340747917763123,-0.6263021740903079
-1.6975071822082333,-0.30722344606609403,0.2989975310077766,0.12145108264912356,-0.8980828875055594
-0.45043946379173033,-0.7147235376872861,0.3363090522642404,-0.6213642692966185,0.9022672819297076
-0.22303470140089768,1.36684615990073,-0.842927938689884,-0.21729461041188114,-0.03738391845718974
-1.1273594184209343,0.7422080540765634,0.6456327762446619,0.8548477965237287,0.21596764458554404
-1.3113397535535916,-2.0225384712608725,1.0445014092661864,-0.24596528353628985,-0.8364418004867282
-1.1419406452134144,-0.7757130934348472,-0.2883237969786167,0.25704278300334016,-0.7539055513639475
0.815309567821354,-1.0484186821466437,-0.8942370682019856,0.8752918085528589,-0.009113692860387207
-1.6604326753910348,-1.231157384875009,0.6757980624592745,-0.5485858971318411,-1.3245017317051773
1.0504109094655891,-1.5928049055865634,1.8108853181286966,0.8715012540972645,-1.4352635418066553
0.8124370749993823,-1.169830153373697,0.2600569459520076,0.7548799667704947,1.3606961604536763
0.853178103511812,1.2263459755213186,1.2229995208452977,0.1679374784288122,-0.7245979200418422
0.654107119355136,-0.23994963066075795,-0.2500689439268727,2.4704339466735927,-1.8349667768302125
1.8084322183411392,0.18178532220091903,0.25533172180490454,1.3790775239618298,0.032961588228590376
-0.4473554915992543,1.6311567167061287,1.1944477882967832,-0.4414662310704195,-0.33382594029219204
0.6502944735417545,-0.6375675644655215,0.5081178641008229,0.08787739568144554,2.1061232400436616
0.063657721196196,-0.7235380478330651,0.49190447350925764,-1.8599186674349681,0.008956537256872475
-0.5286673137047925,-0.6211981860847254,0.4897756628593514,0.956078878601476,0.6998315798400915
1.35472346538534,-0.41589049200762385,1.1481161940317661,-1.0049160352741067,-0.8453639493680373
1.064994171657626,-0.5006507166030217,-0.9282967054256426,-1.1782387362916713,0.3000011609147471
0.9155965542092247,2.440935134076985,0.8823289356470823,1.9051583197836872,0.6394506669574361
-0.25024738685224335,1.0312325504373796,0.26586345918418053,-1.1122899716794539,-1.5488937161994345
0.05181122565172578,0.7108602789897864,-0.38082297231403184,0.4818115211872391,-1.2836369150269669
0.3340434114253687,-2.200522160255653,1.4094980562835333,-0.03777445727016196,1.3385994145576992
-0.44900735322352014,-0.14969645871151174,0.28148268032562884,-1.1204824534068345,1.5059025202676928
-0.6157216828905676,0.5154314845108826,1.6190517420255095,1.8663810962089489,1.5414328902220507
-0.5009189714389543,1.188071651388378,0.01057934001912035,1.009051958301224,-0.38403852486938844
-1.3975929736410422,0.5251011619492344,-1.6709161373069328,-1.0681540341338371,-1.2553175406851675
-0.07016705496955411,-1.243352884422676,0.18684925758269152,-1.0995038098624912,-0.38327255822253464
0.9808717500774834,-1.0157226449117296,-0.09715588347861655,0.9293671113548272,0.19866256921447667
1.5985182051570939,-1.4816834404895223,1.7067438007802596,-0.44869078183040056,-0.012716686166089008
1.6488544941923027,1.1416171841683445,1.30381574167747,-0.12063548543328777,-0.6275305701864635
-1.256632921894052,1.5204736449992269,0.8240165264471434,-0.20516970006202176,1.2969138400455382
0.6386141450164018,0.03297335153309603,0.48536673925587936,-0.648596839207808,0.4451548514776292
1.4587735261765362,-0.1619463240683787,1.2756480186947343,-1.0819083612137812,1.6326111085401418
-0.3962042728578091,-0.3096730752015365,0.45855085666602363,-0.6575851943254422,1.7452052163409586
0.5874907999628431,-0.8726489212984554,-0.32749521819227373,1.0414423569877531,-1.5960031315887613
-1.9803132567013921,0.4112908473649836,-0.3275104892273986,-1.0470226616507683,0.04168160348963745
0.6900386831645637,-0.003215254377728987,1.1763608583309983,-1.704565601752448,0.7063352533924784
-0.029250261796498932,-0.999489324834727,0.30607539294407354,-1.1900596402799823,0.256492893587501
0.2003950628572475,-0.059267867121202064,-0.6787004930948364,-0.5960566696316577,0.19640867416393537
0.5653720932215288,-1.9290628171755142,1.022390553778709,0.12849197419555833,0.9450031120186976
-0.5204503797934449,1.2674271781955504,-0.12623840200034173,-0.8550994346411724,-0.05228955878928063
-1.3247625621907833,-0.11525250019288415,1.6991206401996655,1.113220199450121,-2.8305548921137653
1.0496552123539218,-0.2901533553424723,-2.264084248168627,-0.9473415461169017,-0.4417127197155791
-1.244885129122135,-0.9176850022198594,-0.9890759095119218,-0.3512910039763959,-0.4547388879635855
1.3284833884727163,-0.5548568491804755,0.07154465988817238,0.0687307699081795,1.5388101387553759
-1.7034440603496916,-0.13598886496201895,0.19331051201533303,-2.3222572946180735,-1.85522337308781
0.30500671135219215,0.5335200753172659,-1.4970206394483072,0.7653579916392512,-0.410862651480309
1.4773505028646192,-0.09149095890496976,-0.48598012161971,1.464731149686719,-0.07808551113089336
0.4945014467391333,1.4647757641165444,0.2522877739560046,-0.11054738669288952,-1.237807947488455
0.7568934131414002,-0.9103806275443045,-1.8095867429885355,1.191233692249746,-0.6809942083710653
0.3402204953310321,1.4803307156799523,1.396546412445416,-1.05865759262092,-0.03311397165167861
0.45009245212827265,0.8910356470303967,1.2140444131612966,-0.5324719147440848,-0.1823278128295234
3.3669320432545295,-1.1343308803178893,0.4340567272041835,0.2743614475264894,-0.40182996841523433
2.845371840835799,-1.0947735388914777,1.5435071780238163,-0.2769354298115417,-0.6690751082926496
-0.20554920392005682,0.7465846981727841,1.5000858023022947,-1.061186387164616,-2.6040001592628284
2.3862466612361675,-0.7779487634966132,1.9291931544371204,-1.7896691894027195,0.04737583676589775
-1.5712432477812492,0.6140880362221764,0.655558785600396,-2.395582369990811,1.0749614262095464
0.27247280379422034,-2.0061091097762587,0.21435523708556276,-0.36456148053791704,1.1322876236652053
-0.3746272124984642,-0.9552739970677501,-0.48149321181320454,0.9081234916819394,-1.023377318003574
-1.0148850252304729,-2.4173652196944295,-0.8395972670513228,0.28068015309084765,1.5516695436134273
-0.86149996042959,-0.7138755458824294,0.8959675308353232,1.1333595619174377,-0.2726102905315261
-0.23782999009027175,-0.43611160731536835,1.1276360769452758,0.33857030340132455,1.380414984771402
-0.4166186463661957,-1.222040909393784,-0.1963479341932944,0.3071923806636949,0.34664152388415614
0.4043514883207521,0.184949972613627,1.4809695977572466,-0.11990449051424312,-2.2219103296717324
-1.7814007852914169,-0.2827954531697582,-1.0206466829615375,0.5680964840308098,-0.8638217242076213
-0.5757149922937355,0.27925460300314237,0.217214281433583,-0.03348958618390291,-0.47293707841368926
0.5709094764381177,-0.7104876872995927,-0.43376711328918616,1.954680153957907,-0.6265292934529098
1.7288574405018997,0.3597290401582619,-0.16011473321135683,0.7125375350289371,0.49840236001459304
0.004879138808744537,-0.7587817858635554,-0.6791848317076147,-1.3619129026194305,0.11641289078397242
-0.5813832365398757,0.7142286364812587,-1.7260157910229976,-0.10438058319522596,-1.1004377950560975
1.1728226917759832,0.7084077250071382,-0.34185524497507935,-2.0192207656519443,0.20768157334081044
0.411429609934706,-0.8616770649638912,-0.398421775999416,-2.3572925371546165,0.35450946489090635
0.49430156485288074,-1.3023860329242984,1.8328845672175877,-0.18277468224626436,1.3949960592977872
0.2895413371603888,-1.0234434826996135,-1.5553665363911908,1.1122383688581827,0.6801700085916546
-1.751393113312672,-1.2111321728862474,-0.1545710231314275,-0.5287296089018197,-0.6732621696876455
0.7351303348999443,-0.5394048026722265,0.6665019420134085,0.7139720913686232,1.6970771885923774
-0.214476681481689,0.6553723585701691,-1.1829759856803708,0.5276308100041812,0.7282031503682157
0.46233292117871205,0.9985431469039022,1.8143073295130936,1.18763726457353,1.124593470137566
0.4465225117014453,-0.008605455278644326,-0.05301201839323004,0.2845458039832383,0.5487322943844891
-0.894509534141591,-0.23916313393863445,-0.2664063373113163,-0.0955652025635909,0.30460339903934913
-0.05320241717169816,0.576611545719717,-1.0137989672478458,-0.5977973970576521,0.641631465295575
-1.0321203186030803,0.6203304021188437,-0.31696119499731096,0.14224851870336405,-0.7155880198031257
0.5630213735374475,-0.5857674834687243,-1.6861664080076,0.8030769720003473,-0.25099935783327926
-1.6274900255893674,0.7474012053756585,0.6831026396136367,-0.5141347330547489,0.5860263507542338
0.4590300595697874,1.8595074787534716,1.2157477198360533,-0.15928787118116158,0.4425505516381104
-0.4262258337764387,0.7175069536582925,-0.9281069410117575,1.4904233274587755,0.5133921176114666
-0.03127289336573444,-0.6262748419386697,-0.03266266817989273,-0.949970250745096,0.9609883787034817
0.13966698894059393,0.7699938575421544,-0.582688444024717,-0.9649962006720385,-0.4102744799513592
0.4930962528662826,-3.092658807215904,0.08571375873210714,1.0059860462615533,0.5089374235245007
0.17280081465278205,1.066611371772773,0.6548588185914506,-1.6390598347121708,-1.757371763285045
1.4053741330326057,0.19007896399643373,0.35475148943869944,-0.40442342223584443,0.2818900242033437
-0.20765622555216218,0.6786025509505554,0.715189656238072,1.0931923584868746,0.421320098657869
1.5554279269996034,1.4497646436778326,-0.4276306346332873,0.1692194099854198,0.02527759668697161
1.2367279433285938,0.6085922125453865,0.19509020442542818,0.2357373322694207,-0.2334571854000437
-1.106314173968407,1.3443766191514328,1.3129350753006894,0.5001513352418026,-1.3343919847469445
0.18313120843931088,1.2279469913964942,0.5171862171904253,-0.8156795449636507,-0.07293022030821332
-1.444849830533641,-1.4853905175304662,-0.30205291091181136,0.4255420837523801,1.0934709338174964
-0.5128166650522361,-0.7497163608940345,0.2558005586480269,-0.8333705973924095,1.0145407925538388
-0.48960433337962017,2.063669057792341,0.828640615030404,-1.544459316010226,-0.15615616430019222
-0.4005142518811615,1.0571002100267495,0.24851071018951984,0.33176359963106966,1.4584814281145184
0.3642173227985409,-0.43231273245427165,0.14069116679929503,-0.20197016448131472,0.10080484337898664
-1.1821609907998907,-0.8237302068350366,-0.2875419166095887,-0.8783314120530671,-1.2998415499452367
0.6977904438322685,1.0911201848788759,-1.5626352909470362,-0.3063577601487201,-1.4303334151836242
-1.0480632161464467,-0.7990151143589805,0.5854800495657337,-1.7650901138515727,-0.09655575897661332
-0.09390311298012916,0.3138589114152211,-1.1123816602288015,0.5020774226203258,0.2735312555881484
1.3614099441073042,-0.3875085520543066,-0.4951061746636581,1.5286807111254448,-1.4751739203606729
-0.4603040660591008,-2.1486661039876047,0.23576157509858325,0.16929489785597504,0.8072863198640643
-0.06843555239116315,-1.0479009180449237,-2.750537526383123,-0.31549060840445586,-0.28224013443571594
-1.7292627742911775,-0.7318468834188704,1.430969086066175,-0.08732561280678754,1.559593755291019
-2.6173298161940894,-1.2799541513276445,-1.3034572458140423,-1.428281071046178,-0.8318172844606748
-1.349706151503918,0.2546801037406178,0.13331904584912146,-0.3504035851001264,-1.217611972739571
-1.1775633652092306,0.9996252533250818,1.577972151271404,0.10720775149988097,-0.8018092833244648
-0.4545374412345788,0.5890175487563716,0.7511762346892701,0.11321751882495747,-0.06503300809710526
-2.086742755691856,0.14876081415162595,0.6601178332881705,0.6987980791377386,0.8219359073687548
-0.6979031022809654,-1.1142116795844783,0.13890453237118586,-0.339064816379984,-0.02933511796914945
1.2666245088829124,0.7218977349965496,0.9388742499434084,0.4780732588975254,-0.25018262501206096
-0.2781462496143931,-0.9130506048824735,-1.1364320927698033,0.7809015668811777,-0.8639748612862388
-0.19155929785701498,-3.1279172094094903,1.5272851991341372,1.273702422870238,-0.23467072557268853
-2.185025674835709,0.7700409892311932,0.4630081189740145,-0.39050709551035695,-0.79347351397709
1.3013935446386642,-0.8339785040108759,1.6347505199667467,0.6762982542495637,-0.5439463885681102
-0.07726213951231917,0.23666466124082916,0.8847847844902037,-0.8695661653861632,0.07006338021998103
1.0078456600939145,-0.9816479275073323,-0.1746350455088465,-0.5838557493087276,-0.8315789435819984
-1.886313449429542,-0.37997567720332637,0.43659643669417747,0.4107432645657126,-2.415609199998859
0.13565269147195116,1.5331673542923931,-0.1854140388719369,-0.4976879975028719,-0.01937833085759076
-0.30557484739032914,0.030768663103883345,0.7941320178252255,0.6343253891695568,0.04478137362292307
-0.13028310084245476,1.50320455473179,0.28866997663252614,-2.9408010209609956,1.2923569507977317
-0.5647301195467601,-0.18519236150007126,-0.2905895154595842,-0.09923816112261179,0.9324549731821247
-0.8041534370510707,-1.1882982490425364,0.6449387168840419,-1.0970959766342652,-1.8180135646843156
0.7965891623025496,0.9066046931123619,-1.7008620288882463,-1.3954888057275345,-0.6265692249697815
1.203472080490187,-0.47774240854683736,-0.38703798381206295,0.7801331106355778,-0.5860040291472941
-0.08319039648806803,-0.42866991554213274,0.03960399181466672,0.9035999830073779,1.0820063286708763
-0.84468361633809,-1.1946828433452736,1.2947646854472572,1.7529809914877594,0.5791651378066116
-0.009823404842302015,-1.1623287990730446,2.202517884285396,0.2595111211452488,-0.5753863351003765
-0.9033479447413371,-0.028932274909964577,-0.9031674906574656,-1.103715336002092,-0.9092460796382296
-2.663137845119741,-1.0451378947692973,-0.4979767671968057,-0.12062255960983993,0.9181025721571648
0.33925538049638876,1.949604467199832,1.153418155082174,-0.9342027396963628,0.3776546147479282
0.379234410947341,-0.1998195744430209,-0.005049102576274667,1.790800040880588,-0.3343819531243872
-0.950189546897328,-0.17604180999584118,-0.8401344881950454,1.319760974640089,1.5769168813708039
-1.8711514582608806,-0.815986481005285,-1.1783969681911797,0.8629052262714924,-0.20472935756187352
0.9215685077975614,1.4429158955847325,2.767907127530211,0.3185247325396192,1.7595979789359357
0.21670486055307628,-0.1308425052055307,-3.044734340975619,-1.7739159747004691,-0.4014359347146398
-0.13378391411902663,0.4184221438238797,-0.964022874678042,-1.68313813683375,-2.5259135756891715
0.11768762651995875,-0.6622319037491116,-0.20662699027807202,-1.924228982532176,3.50439136531021
-0.021603484654673506,0.32421485687285423,1.942426111781169,-1.7041637740150821,0.15319217457625292
-0.8312183297258343,-1.6854013984804914,-0.6586271248392362,-0.10503663509648312,-1.0873815360635262
-0.060875361371994494,-0.0622519360253991,-1.3782180348552584,-1.9043777904618453,-1.9078047038321229
-0.7361614458774232,0.08375499497967882,0.020296460021224767,1.5439743322168575,1.5152596415090585
-0.7414317240410077,1.0753081243583726,1.0624611238911417,0.35274963359564354,1.4454385762882493
-0.5631968316590118,0.08799968648219368,1.4908640699114617,0.08979247986558477,0.26309144693753805
0.9018762001728543,-0.8811799633787823,0.6956239029210004,1.0764788418777007,-0.6689845682235565
1.0738494224047066,-0.14552147834666715,0.13497478084565076,0.12362495691169843,1.589296314163111
0.17654873587984107,0.12919202179995407,-0.9759431976376742,-0.0178981019555261,0.33275967257658506
0.9674069818674466,1.0721697651965914,-0.7736882946957407,-1.30417065235083,-0.8151596786723211
-1.03364692017272,-2.05063509239036,-1.1684331223378643,-2.2194070731329854,-0.9827885753743495
0.5672919375634539,-1.2819163198454615,-0.46730766375961563,-0.9185866444552967,0.12268540922120018
0.758184436635014,-0.6166470219732011,1.3800886571481894,-0.6368328238050431,-1.0448418802951895
-0.407162785933481,2.821831311896219,0.7342160579787017,-1.185780367335599,-0.7938052101468639
-1.480574561368696,-1.1757368272393331,0.24801920661919585,1.393224566711635,2.7826442794628377
0.17682683168252056,0.1580682462678955,0.5335125901518478,0.241104207463385,0.5632577999849602
-0.4148112395962965,0.2585552157434595,0.7597224575108081,0.23174104981331342,0.1594202995701861
0.1521011722630342,-0.6689431374274635,-0.05092741971444636,0.19901315125945485,0.31731980933246545
-0.43361678513750357,-0.07682188187153265,1.0644775537061644,-0.04273356166050514,-0.02048838916457622
0.4461260399800909,1.7825806673447946,0.614234944946304,-0.21685846933132763,-0.026739499678065798
-0.7883830886003417,-1.3165771596182712,-0.6796468349438478,0.493136896312601,0.22047690420315827
1.0331433987183944,0.48062906841529773,-1.7934536497145235,0.1508632526757278,-0.10981376577497573
-1.582615511503157,-0.5348707922591541,-1.0185864861775973,-1.1519146136807326,-0.4954544077118995
0.9784213237827913,-0.30842754454520094,-0.9333101132698124,0.9438080859539033,-1.5531353053509622
-1.0905499871966817,-1.3174217249071647,0.32159078895291726,-0.8299959308689265,-1.239706538713975
-0.5670543234041879,-1.1609405523327365,0.9799033000197014,1.4254451020432086,-2.3364079097493775
-0.08619941356249722,0.7565000767101165,0.2879648807136901,-0.9013965775440217,0.6921689079608966
-0.7072069917851745,0.8865206306028345,0.2319279823302489,0.41842106193144224,-0.5509045638637841
1.6952822405537469,1.4546174202284043,-0.7508170683088403,0.9798811184677287,-0.5714082901523753
0.45395069274193084,-0.16407644256050974,-0.8936631747705628,-1.0106587995405565,-0.236120163073584
-0.50690582551988,-1.1429403228028743,0.26312226673625116,1.3648360623456648,0.6657665397784199
2.009310067669863,0.789967832430246,0.5865758868119664,-1.3447851000916424,-0.9326591876615569
-1.375544971921707,0.7831008415330885,0.3642316583478664,-0.769404370020542,-1.2767216763802247
2.5211161583385393,2.137454447773007,0.12799727392243418,-1.6219240496962597,2.5752864805399542
0.6419948101394531,-1.5841838683238854,0.7329063725102701,1.3481691481174878,0.1064829207011297
0.4746066821568266,0.9627443886961682,0.46981862654634043,-0.4334442145262095,-0.38727404155369377
-0.6839048275187936,0.5936662705292909,1.293458736264617,-0.934165069030876,-0.9764185400077193
-0.3755781970512151,0.4905229623523334,1.1765597934187766,0.05351534452722003,1.299836150700621
0.6734942858422646,-0.9566732903349269,0.7036761204467755,2.3783087292286123,0.08751624477931814
-0.977747544011866,-1.5319087435853622,-0.5964271530589037,0.7101432271555062,-1.4288813153394568
0.15447407835164728,-1.5130665866584088,1.4437745365696804,1.1019330362487905,-1.4427805064688983
0.6188289800758844,-0.5497435698551296,-0.08504309722781932,-0.3283987346081667,-0.9732525260879912
1.2786690190067174,-1.4734001410976227,-1.4384277543771282,-1.404118691078171,-0.8418180849794581
-2.5430762118375805,0.42628691406046737,-1.7422302138968535,-0.24778522943344125,-0.05132355775301727
-1.144268687505469,-0.47521224529460504,1.1398033698675558,1.7921289733784442,1.779257343167702
-2.1230150644474337,-0.5023945843607057,-0.45735278794052175,-0.6081776131037435,-0.23143826206559778
0.7732310637231943,-0.018374848562392472,-1.5434342879018725,0.3961074891751089,-0.7838941425378517
1.5602013869813767,-2.3849562861315587,1.116010544809537,-0.40689612014779397,0.5075922753387284
-1.604216359621006,1.3479236929223157,0.8250656027209049,0.08411210690716209,0.5635166243848908
-0.6950138669259761,0.6796513635292204,-0.6294691499006754,-0.720058193577065,1.0027378726129659
0.05248295494642449,0.4984788051704578,-0.536922969961596,-0.34619675445565024,-1.096059886431422
0.42323105487427726,-1.3078527887502014,0.8169231276123902,-0.07183657346498055,1.2169604766359363
0.7783832034033582,1.6938433029625404,-0.03161280000043661,0.8487349434486283,-0.7905414219827289
-0.22242627182809432,1.4680194984563713,0.4237897746246949,0.8859322140352384,-1.3714133722479231
2.6203219481106714,-0.09149722722735432,0.13775348401633872,0.2906727735884148,0.4447570712995326
-0.21446728676452095,-0.7650860199636383,-0.14492988728884332,0.0725304583534408,0.9784493842927476
0.15137816603008575,0.5994463879347918,1.344353944562086,0.052395302021170806,-0.7305158941437546
1.1506086363911285,-0.7228401497496929,0.40015076949711015,2.1180453594188697,-1.876990855668047
-1.563269918980368,-0.43276179878796917,-0.6327490423128137,1.0754778210899392,1.1943115785584384
1.24012300966716,0.6535466285654583,0.3870659520072369,1.1643095027733104,-0.8794588617233291
-0.20636159965696185,0.0321957141231223,0.39790241003065574,-0.946671803506646,-0.6669819464176927
-1.7763750549820827,0.6469030174502476,0.12858240754746103,0.8993510938349552,-0.6719387430992719
0.679900340212381,-0.7177935668799386,-0.100928912367467,1.718781619400431,-1.3040159705920744
0.5112149178126044,-0.5350550949260565,-1.987609367058975,0.29025427479817395,1.0141847411882443
-1.374699170081031,-0.21988606458671794,-1.0293202287360361,0.4534892351643021,-0.694495446849263
0.22001604211591613,-1.5912596870213633,-0.6948014456180299,-0.6539902364830625,-0.3214810847880917
-1.4310880114686362,1.1316694683246906,-0.4159629378539627,-0.6384656754861119,-0.1301957415118695
-0.8852111590471968,-0.9266712392832759,0.19272924271639713,0.8889994474953096,0.6372579436652057
-0.43283261565564873,0.4379689834397297,-0.05240412816025768,-0.21291955811821303,-0.13193931306606213
1.3448797567253539,-0.07693934038921418,-0.5463506512657031,0.19286224680064812,-1.3005746163877037
-1.1006809801314863,-0.3977719741534759,-0.8031586372744739,2.2815405886483764,-1.098905900764048
-0.2596200153215533,0.8020741072460642,0.5666471814952749,-0.531449616724993,0.025658519000879502
-1.0748026273492581,-0.40419312792818707,1.1788291511969153,0.0619582459266603,1.1863580308001442
-0.40186708755361517,-2.492000555848781,0.6458880376443842,0.9449450910341284,1.8419058526367416
-1.0149954002108152,-1.1190501740069123,-0.6101836957057047,1.8278132510468934,-0.8108418958251519
0.7045341738686606,0.9805706132648656,0.12035647314673198,0.6661405161190637,-0.8272325375404428
-0.3021710531281088,-0.274169578415412,-0.005516302499527013,1.1364014717088216,-0.40622903429741325
0.224007416815049,1.605947467776043,-1.5654517246987278,0.7543975818896319,0.9450405809271837
0.5681693284380377,0.24172481858397,-0.03603286897883009,-0.8740783409624602,1.0075280929175177
-0.06660142089854576,0.9163298674337176,-0.6144012785999003,0.40211813297031057,-0.21777800177584605
-1.1814848417476997,0.7692433808341678,1.9379453787708392,-1.1410173787394906,0.43943207490361647
0.23714451390124952,-0.18637716174596483,-1.1106786060714682,-0.8361427338552185,0.7019864924124062
1.3693162650348603,0.19031122634730546,0.49644226247081236,-0.7828141630545523,0.922105377547106
0.7534025051796307,0.8097788065363652,-2.216069509200667,-0.2309578690719692,0.37336249787496606
-1.1483271879767267,-0.4772300515313872,-0.907446960448936,0.6210875730917114,1.1481651367305759
0.7876829757244854,-0.7687375170830468,-1.581972616226187,0.6480078385914693,-0.5263726625846711
-0.5098466691586312,-1.245123427421345,-0.14675231801018548,1.0638412574814462,0.7707296191030049
-0.5069592975477221,1.1573367640034136,-0.5110708418729868,-0.9267488217139399,-2.5276905533648466
-0.7047285935761779,0.7648674472777868,-0.44386021580853824,0.6334842564537562,-0.9005706856909815
0.7293887756419412,0.19605851944850536,-0.19446188036266934,0.3116407743225584,-1.4164485604870263
1.3946957107944715,1.1852613389896054,-1.4404495230575272,-1.390033924550477,1.7386659438170757
0.4122775208146636,-1.803995273701309,2.4618492658077016,0.11696794790445555,-0.42984426560984057
1.125591419009603,-1.6219259499958598,0.7062447138838017,0.8921187112542008,-1.6224657602373038
-0.326114316751329,0.1490376727845431,-0.6178370683711379,0.3537169294200792,-1.0393885478278937
-1.0695780743686558,-0.5736131019118156,0.12723345165981542,0.5596921747739312,-3.0457285810173675
-0.04637781840560655,0.18184751799820306,2.4459587313442275,-1.5580583252452038,2.4540184554844817
-0.9769767753926698,0.6546231116200875,-0.3477380460568264,1.1974443547951503,-2.254596975244849
1.7956927788246388,-0.83646663094826,-1.3479878061941504,0.716381700839693,-1.1103337010583503
-1.5936454613941171,0.9843379916104172,0.6543685686078102,-0.5042140892126363,0.5311910832262564
0.32230183792482403,-0.31509168845408086,1.34023141263125,2.1160493923981245,-0.4392167889781287
1.581096283895566,-1.7077530751844312,-0.2900641204678773,-0.44844344406403475,-1.2843093234320402
-0.366451682503472,-0.25573975366861884,0.6851545657576859,-0.5649837844675926,-0.646274944747486
-1.408165548035769,-0.6884940617094493,1.1648293998261596,-1.7464671236994915,0.45555466406741224
-0.7263340640312976,0.022681616435904016,0.7086601058250901,-0.4456480250334623,0.130555180662069
0.86029048074609,0.7562893796922677,-0.1844742803572115,-0.11399336865674879,-0.8819468737315238
-0.6747833382216227,-0.1880055434032271,0.910643868302738,-0.1542664543010616,-1.8438081995068274
0.09075088506623248,-0.19052543057553895,-0.38723382851252913,-1.255225590024682,-0.9760838454470397
0.6586422184255826,0.554009395139204,0.2337545755679467,-1.172964729314307,0.7884218041762641
-0.4304245649489121,-1.1629986044387632,0.26239076244002213,0.31587125561809176,-1.3830474006009439
1.0510178700636335,-0.6628077432851832,0.7589935748045686,0.47482996084733003,-0.9927542444201916
-0.0426412930200059,-0.2934200047476293,-0.3389268038083359,-0.39703014243265783,-0.9152802744193699
-1.7500114167373946,-0.21962858631694604,-0.4008273686403356,-0.524486560774362,-0.9295638996399801
-0.8030775452680949,0.048075705599041216,-0.4044701972752968,0.16906038839027857,-1.1179557792676529
-0.16394543602020076,-0.27976030554153614,1.132289914909178,-0.5925044428017707,0.257364928046334
-0.2494437705119703,-0.738436733211579,-0.4307775037264021,-0.6290798688242356,-1.2270962425300558
-0.8826486638166136,-0.9873966113386313,-0.5293805066024122,-0.04387111883066043,-1.061065053583694
-0.7580842144048385,0.4202296422680082,0.03505754683463147,-0.9560708734144009,-0.8731298154015086
-0.6787485749253893,-0.23262332792367602,0.15806891677654872,-0.7373994426896971,0.7757504566760763
1.4075033374722554,-1.0180283243171107,1.1007355897644129,1.336840636688491,1.3524979577628249
0.18838046788503743,0.6069364008622385,-0.5555073537812878,-0.06035963962655697,1.075678558575221
-1.3767351630259879,2.0245773840368972,-0.026643028525974954,-2.063991756644573,1.2058572809859633
-0.8302283138184035,0.3236517467783813,-2.335065005598112,0.7419736741684196,-0.07762045898755812
-0.17822030711208067,-0.504528735854602,0.8590603075347605,1.249380185218404,2.101637496492706
0.08614501261115802,-0.9692928735239514,0.8742866647914619,-0.671189396329871,-0.5073433614535583
0.2052532260086582,0.33810720228987734,-1.847744767548162,-1.0681240489967314,-0.17404640012025477
2.798055825345596,0.16820893620882763,2.6398499087169447,-1.06836071938145,0.969816838107731
-0.10153179349648385,-0.9410047850541563,0.809106739360417,0.8917935440451839,-0.03241604424234444
-1.2703943747316253,-0.9634020859768198,0.06498963250329484,-0.056603406840474865,-0.66836750553034
-0.11822390998518953,-0.31018862549497356,-1.677376697920288,0.9577585778330773,-2.2571075279684707
-0.3582891657145992,-0.6884120694813881,-0.25266187320087097,1.8608140953551566,-1.1048912874872077
0.7686981291027634,-1.1494149953226367,-0.05769099000194426,-1.1843572036870071,0.3727620935043155
-0.8727737400762049,-1.9276218079488807,0.047335154277930884,-0.3930747857229144,-0.4079387736826657
0.8952243650154216,-0.034975064653801395,1.1829424081948878,0.6249991987489225,-0.587059137790817
0.7113677259464396,-0.95961364537613,0.35550493895068347,-0.9555213482235937,0.3650581138179759
-1.1915822720836688,-2.0929895103096934,1.4534925763566482,-2.3297211767744037,-0.016459170547046015
-0.19985235456105577,1.9266765091136548,-0.14156980131001362,-0.4304519771533529,-1.2640330524571928
0.05241608474908871,0.097076743540188,1.4569994781876066,1.0869605090518386,-0.31308435368959175
0.15061678613060547,-0.04092995301311794,-1.5753461365364363,1.2701062227008646,1.490091884553302
-1.8775397113003145,-1.6147814668961558,0.9333559383100389,-1.055818590521594,-0.678060857106429
-0.6380078462609002,-1.0182371583944032,-0.052402967505473304,-0.3283842412965873,0.0044137600732463735
-1.890896434938445,0.35362568148818024,1.3726189056788511,0.19921062294955413,-0.25689202571782016
-1.1181373601882472,1.0078051954493024,0.5709720460748505,-0.5841961197951839,-0.006343892342543256
-0.7777755493415454,1.4619400714287816,0.7478940976906238,0.19323500468710708,-0.3911952890350197
0.8654638350815949,-0.05116319527151717,-1.2567612837528797,-0.5251952189559187,0.10633997269405042
-0.10171019577487007,0.2065152168699988,2.5723385019644094,-0.030745685376450425,-0.18127366199813344
-0.5132465142655039,1.0472289667032542,0.8855520905928826,0.1606238569500135,-1.0833594087804805
0.9999396231216829,-0.44241498601521795,0.47039942979486815,-0.6810195200488508,1.1563857329568852
-1.32515219220465,-0.6023372169421504,0.1130309712312561,-1.0872787872324556,-0.7191971749848978
-0.3949299855248288,-0.8528518117175059,1.617651790807652,-1.0477986853771242,-0.776721239113155
0.8364706662687045,-1.8194230108591876,-0.41510140682015356,-0.48223134100464204,-0.9773219303872692
1.3677447860789853,0.19142828445035173,1.770763359848897,0.4159003094148903,-0.323443127104829
0.9509003718319314,1.9962957995956887,-1.0094994507127397,1.0428435976865813,-0.6599412852560048
0.3387605040843026,0.27616688051868404,-0.23158801985825125,0.7555612330306629,-0.551696415091434
-0.14474474325038247,1.6145275925129636,-1.5804639220770853,-2.285149737433464,0.619813043054434
0.8007200365590035,-1.5367983210126306,1.4844225155341613,-0.6625554148281834,1.0107631686321068
1.2162023513288724,-0.5218842556363144,-0.781709062982522,-1.451590872136719,1.8478976937233296
-0.6349406794686908,0.8403070275417732,1.5003018794561984,1.8769958663082393,-0.7784452515603529
0.1274163076660253,-0.7323580913270216,1.2639390752536497,0.5797399348906264,-1.5587949691842922
-0.8608547778923591,-0.8262234737492566,0.7012167204059502,-0.5571552798193061,-1.0184533703359866
0.12379934952616581,-0.4482613714909247,0.3970659938004065,1.415674944856841,-0.22542832171369
-0.6968007112677281,-1.2587184170192591,-0.059503313345010855,-0.5326616395625902,-1.3693659187688378
-1.239124218009482,0.5817672217504104,-0.4945445103603042,0.4495408626219271,-0.08668911538400613
1.489751122199056,0.02037796408395801,-1.0849001647144687,1.7677299389699408,1.4235810941353044
-0.5836279784697463,-0.8894376079669335,-1.7626127724509877,0.6007702122170422,0.7368875428556706
-2.0066945245403045,0.04933936029710581,0.22963412122946403,0.3377885071654159,0.13497665608270634
-0.6372558150834994,-1.0088136356373791,-1.1028226610838339,1.0841877764110293,0.9595424930974238
-0.9394466771974457,-0.23283096441478088,0.9494520766569049,-0.07716737562450846,-0.3948415480743529
-0.6308174678018826,-0.46394683806279363,-0.39208050447287246,1.0577451345908904,-1.4618677892903362
-0.3292689612826802,-0.6500057698373799,1.9781305761299222,2.163117233896496,-1.6158666495598446
0.48842803263844914,0.8844446396542386,0.13847831458466214,-1.1816464702607445,0.5533315101756239
-0.38761238604401244,-0.9968413636841319,0.7519320437706698,-0.20188556295281349,0.5445279218952322
-0.20450820314602244,-0.8451471835411085,-0.73921260937138,0.47221591356141235,0.3723023317118865
0.7346786907972759,0.9844164896810382,0.12344727788304939,-1.6203911026130926,1.6108370424916618
0.7549499435533612,-1.220090761786042,-0.7780992132106286,1.1135666094112155,-0.31689335173172983
-0.8306459218017745,1.2144522995060203,-1.062673250082597,-0.12895317852071414,-1.4288566201154451
1.068582190903712,0.036189023644229275,-0.6722116451204069,-1.8133577900898685,0.26763122456443966
-0.06558288708903963,-0.09368754120166083,-0.6205104969849412,0.023725014582547214,0.843848149787255
-0.3462498881263616,-0.7230254417394334,-0.4537820046889116,-0.1909562769390312,-0.7769924675769948
1.0113601771718084,-1.3065521477156075,0.14198327615152032,-1.070954439334263,-0.2515376504070652
2.165758753524875,0.7471331458875492,-0.13144677800338878,0.20220148333918964,-1.226572541691943
0.4878214913885399,1.6491381812432993,2.2520430315716897,1.7079081822197635,-1.2273560753966213
-1.5804934183830452,-1.1481733889949355,-1.1176804296977132,0.12660338793260356,0.9913669126708995
1.3620469762696517,1.4168514291271597,-0.6124516682609539,-0.7047767322756101,1.06461650325044
-0.6014889761459705,0.673294781584116,0.8879180130543202,0.6123787824347985,-0.5214782895608535
-0.0919014995496409,0.695755890116939,-1.0070116725110412,-0.0707804663061244,-0.83895212806588
0.31464752748012526,-0.635274481513687,-0.46203834867210136,0.7566772251710806,-0.10377509728177908
0.3057170533550573,1.9087986004094577,-0.8487088456585103,0.8670459998283521,-1.8007090680116151
0.5612954801593006,-1.1533934553406566,-0.504074875261962,-0.560301593458513,1.1313018353374193
1.5201976760909324,-0.5958572184661908,2.3728400698605348,-2.150537942920679,-0.3709469637014433
-0.23606973135386006,-0.8085865352436331,1.4305824186456975,1.4198500070832258,-1.0116550479493647
0.794329325955208,-1.602843337722327,-0.33973651306726926,0.14183787409434512,-1.219177709427358
0.2969198191522446,-0.9675749680757982,-1.395617671833585,1.4866409734234862,0.21474196803554127
-0.18043882898971528,-0.15902029608393928,-0.01340302011041442,0.2694877873695551,-0.4369443324379813
-0.6701299869945442,0.40869038364424776,-1.3708403900114492,1.2477450275278847,-0.03723471169929406
0.16496569891677548,0.4538354138419965,0.5280252442152692,-1.2223447693770397,-0.16741632266716922
1.1293914353294443,0.4123711201801187,-2.5578204635202533,0.07309777941822872,0.2130734872259841
0.6341462841344787,0.8991064556004589,-1.3857816427344039,0.10334692548211634,-0.9733668776160815
0.3306075352268885,-1.379496932266694,1.5205908093833587,-0.8741603558602763,0.1254183719810105
0.7208123793830301,0.12335767998713591,-1.146741213511053,0.5210013210796525,0.08636662743039257
-1.2912401416612131,1.4233701685202773,0.07252646989543023,0.5957606421983157,1.0756559713004723
3.0871886631465895,0.5057807411455546,-0.6151378257427824,0.19025826597843834,0.5465246667901409
-1.3538571388206995,0.5024207993888881,1.51554328952295,-0.5980152448381627,-0.5230292798949225
1.8200317352044966,1.1688484310695564,0.6763748046864373,0.6671036543005305,-1.5725428984714314
-1.909647625624636,1.1353318937847632,-0.7510264456983519,-0.23119617230098752,1.6422461539715785
-1.0412412942814406,-0.3763306881458227,-0.9297100025895724,1.3048457589891753,-0.07603755033458012
-1.5955433452473502,-0.10245422794601339,0.9434817687482018,-0.09738502680457799,-0.27972249930826654
1.4771454793719117,0.5724729075032374,0.33042317089346096,1.1372950982183854,-0.03954659200326741
-2.4622348418088253,0.013859418450828115,0.7212228308642029,0.35582069163660673,0.0728341315155888
0.08361454316019547,-0.6792557187698435,-0.4223020326311236,0.6003291090962609,0.695975742878334
-0.2061288525002535,0.9483898633101647,0.42793647107286864,1.8136519115822054,-0.9316885916518174
-0.5927126531052165,-0.6678251497281773,-0.0382403381274863,0.6187597720224673,0.18967182044889094
-1.022042395944978,-1.4020330805114827,2.0153592841914842,0.0754615040028816,-2.0290349547813897
0.3184339620176497,0.5463854543031805,-0.6191314219074784,-0.859629419488427,0.23380052181480698
0.009983990292694964,0.9697363257161875,1.082653866477009,-0.36896975617874733,-0.44762027193212545
-0.0936931118613231,1.496658752257532,2.369419268168204,-0.7895518489924248,1.3516758221087541
0.41681357323007,0.17819677622556193,-1.6069588718771721,-0.14493905287990683,1.592354476804397
-0.0337368692453819,-0.6541754852372971,-1.9018288970505315,1.3708665511627516,1.2204042310019383
-1.5896181575011556,-1.332266412206735,0.70683402173217,-0.3838375130563742,-1.3047504556463387
0.6276411328040291,0.2678745578782596,0.10382831061941668,0.2886245637543666,0.25176852597802507
-1.062603408661023,0.4969618113080845,0.891773113497637,1.7086436521009583,0.7256472625364889
-2.0077250274269036,-0.5770772325394256,0.8486562196014048,-0.6811875866213025,0.5077992156323251
-0.8351916707033794,-2.4588286096094545,-1.886328734062778,-0.5417434719147207,-0.020152168144431742
-0.20213752762033282,0.5812211009048558,0.4764383664264234,0.9851460968113066,-0.008804288104530017
1.291579559082086,-1.18364953522591,1.313895501783373,0.6302459121701623,0.0013344814962487595
0.657673602642083,0.006234317744115835,0.44928335223555504,-1.2471518364985892,-0.011867178774688566
0.8973739987826839,0.8766767643618262,-1.9103730075845544,2.0922259956768503,0.6045661471965444
0.7338428095117092,-0.6570615767850253,-0.42373637973087036,0.14118254818705736,-0.0111261682546357
0.5640699955862607,-0.521630960919539,0.17489324100089224,-0.017589896612670134,-0.9005810858634702
-0.43644554410837005,0.10999289824971115,0.07918009915301143,-0.35510119770489884,-3.246376510379758
-1.5598947023808858,-0.007666903673160989,1.5118557994053399,-1.1456369008575162,-1.329156213052646
0.27197793112579843,0.07453439248541219,0.2769976746009953,-0.18481401668325487,-1.0117326489362375
0.1876738430659034,-1.3456738970841413,-0.15595750628959468,0.4309917446916405,-1.9668182535336705
-2.0059504918640294,0.5764488940570469,-2.1880697694350366,0.42299667731641655,0.8640440348658566
0.9464304012831417,-0.795011394630472,-0.5364499589752048,2.2479608890780582,0.3368076017728821
-0.10545787748089885,-0.2024210383057497,1.1245507656581486,0.10288988483060624,0.4529663314871946
-0.3158785966646117,0.7515501403561896,1.5188390995389678,1.9554815049944736,1.3125224743257444
-0.08660232500073174,0.40005031912922223,0.4609577340237818,-1.077152492791298,0.1120045430959132
-0.13333563218291564,-0.0032056905444481235,0.14360687068640418,-0.9710550386558903,0.6378535439328863
-0.2707646129145857,1.3291682180063147,0.2133964066907768,-0.2078562408101574,-0.6848037434684404
-0.5796814041043494,-1.3464999385746825,0.9954614963697748,0.5238421538185194,-0.49716688970471334
1.0961694954135217,-0.6294927195860816,0.4922574722204633,0.6652530545699924,-2.212786718052251
-1.1433425522712186,0.3486594922342897,0.05976132619501617,1.0527192370372,0.3819385902314095
-0.047748505900258906,0.7931064008128007,-0.37346043900443604,0.3428398952343015,1.7237303555361279
0.6534536902933888,1.1069712856385696,0.646957944978035,-1.7939658610738252,-1.0899747454086233
1.155340362360092,0.30561678739760134,0.17411951788624544,-0.07681174847979624,1.498415482599782
0.6983837257855273,-0.6734648867902581,0.9352231425606652,0.027972778803095632,-0.18744159558648513
-0.00571709979732901,0.28314369460069533,0.5863737358526774,-1.9188377628516342,1.759340304966254
-0.41585651195620876,-0.03333014778352156,-2.2215412332733666,0.7964803631951024,0.4970025726045182
1.8157537959313343,0.01121654078642128,-0.4462324466648875,0.7052919129283651,-1.3678715245581752
1.260177843557768,-2.4636228901799986,0.7390157368120518,-0.3898387500981785,-1.210379857442615
-0.4106396591608082,1.1697688668130894,0.40211443337532443,-0.013823034974290844,-1.4281595228358028
-0.5662834340079573,1.1478712105718787,0.6531189397135002,-0.056473653936847404,-0.909617752794001
0.213922659969015,1.0234035233760437,-0.9659195535591977,-0.8388544067701004,-0.26841106648999413
-1.1773504355089102,2.860981505512541,-0.7542513274420044,0.15379101699484965,1.5323428724240409
-0.6728952578182141,1.006476295683287,0.15785125979069858,0.676281082044534,1.4688655861117077
-0.3992402674742446,-0.5489459434509601,-0.34421713127263176,-0.8331337405510606,0.7712084784014569
1.121532787263425,-0.9314094830384047,1.0301609011209636,0.7249329535463749,0.9235868002640225
-0.9606630845172015,0.8918235726678244,-0.5565938559035115,1.802070211752228,-1.3603608860841307
-0.8379338510774075,-0.49131870553666623,0.42494481820867747,0.6005602731943646,0.5391260389780218
0.20956684227783298,-1.2917613229397706,-0.0015960174198625136,-0.6226457471917147,-1.1530303216270417
-1.0362447037704472,-1.1369572872260236,0.6792556508443743,1.932000640191532,-0.2988138050024721
1.2997740802607023,0.18942871436362754,0.3080139450421068,-0.9615630766244083,0.11465754672607464
0.7926328960826309,-0.7691891035195154,-1.9156203719406468,0.02170389750801053,0.5359335042220174
0.5164385676857568,-0.2468650252262497,-0.5945768581290372,0.9744367351760139,-1.9102422860509711
-1.521098459517522,-1.2496552238124055,0.6630113663418288,-0.7424325771139865,-0.6347339600806284
-0.04219528556752341,0.3479804869184306,0.7286353098796707,1.4462614490667849,-0.22036184344011556
-0.4455635623620251,0.12073097884496496,-1.54393201430279,-0.45836280710037297,1.6630809717626511
1.2125115348955355,1.4453945289679113,-0.7654360250439101,-1.3355612587013552,-0.8709001417386347
0.6840593340477259,2.006386308510234,0.7105676119892996,0.8004367786292678,-1.492229567581399
0.18823799562248344,-0.2398452751930073,-0.19759763795070012,1.0025105690884824,0.5267089644374389
-1.054604255136392,-1.6536538979629027,0.47579572703867523,0.856739584616935,1.588955015131666
-1.0158240346542353,-1.7638230878768542,0.27587059214029686,0.2926832727843741,2.018699571609692
-1.77445543607542,-1.8908966551641078,1.6227318208934756,0.7440680218944055,-0.6200100297231591
1.420132339962893,0.07335369884755515,1.1914334166110467,1.2451362703276405,-0.2654663570419476
-1.7298677139791065,-0.3134459398492777,-0.28023884892464357,0.5841618269663037,1.8798426928476544
1.3257122063612892,-0.8041685318423101,-0.1548917598373519,0.28535674060082594,0.4725298883702442
0.13723549266017493,-0.8557945347188917,0.6643502916209206,0.8001739041201165,-0.3835812896564999
1.5048008387038632,-0.5827690225956084,1.2689359543929004,-0.9153366286008496,-0.09887701214075284
1.208590910434265,1.2960019904655795,0.32278121596750087,0.31695409298316407,0.2666288292072419
-1.0154201664465972,1.8277314681157633,0.05688860717750684,-1.3777879841637974,-1.0930378783799197
0.2898365088763526,1.7401836921168066,-1.1508530277335305,0.44726154355867737,-0.8408436375682229
-0.6483733346791845,0.37749751133271653,-0.24173259698816243,-0.2612542822081833,1.7753266447985918
-0.5894056205215467,-0.5799848069789273,-0.3817727725934484,0.027251522779612188,-0.2103739713413752
-0.03251239974996763,-1.7666337462941275,1.084946321124676,-0.8902024811641506,1.5194398577430235
-1.2847488853106859,-0.23348276013467734,-0.9040589962149338,0.24231357791925473,1.3503697830416534
0.11546189192027573,0.2029742083940231,1.3862253807347515,-1.5615094279686434,-0.900510208981413
-0.3916068557469196,-0.2472980336502234,0.5413387271933698,2.142312326016156,1.3229281564284454
-0.7366052155039158,0.31313324462777464,1.2296898163869736,0.9166005192502784,0.21428386164251473
0.42158730241299985,-0.03205465957157002,-0.5757259230219476,-1.5761225710087359,-1.0311604233093439
-0.7991438107297248,1.2653313935103727,-1.4198623619653272,0.4631212656971863,-0.7522093223157955
0.4681596883366804,-1.3533755694516425,-0.014579327232307482,0.4875756912174104,-1.421760672933094
0.3915020430325514,2.1119883094070406,-1.0435976598780285,-1.3796118538754236,0.8834118485417483
2.4647022224420567,0.055640672531024137,0.15145894139944105,1.6800013889117362,-1.7929785644339105
2.141057809381776,-0.11151681666219121,0.8876922158708749,-0.6689001431073801,1.7055128683904612
-0.3310779325915638,-0.342463364739938,0.5921623496249814,0.14274722214863278,0.6550507707142493
0.2771937129984853,1.8497937090781928,-2.1708607205213553,1.0114618817043992,0.3870348919956566
1.8768079463333471,2.3836558906351955,0.08966620977005187,-0.4713229681907303,-0.14456055003314638
2.0444024461103507,2.4722849678849945,-1.8272183847086156,-1.9900372086192237,0.291744481071382
2.460900001042208,0.28142023768576085,0.7597429858101349,-0.5595606460358086,-0.9961659615795717
0.5261004595040009,1.1888937186337727,-0.4106953779836524,-0.5154273023749677,-1.0128864271263085
-0.1451005441073047,0.7491065118600296,-1.7768482947927708,-0.8005759984053539,-0.7285849196823699
0.7840579733216884,0.9573443381455319,0.5112989971972711,0.23563064064964082,-0.2247518267813797
1.2356942860418902,0.7055671988055274,-0.6737180970090247,0.011767452401572289,-0.3387089072539429
-0.5232934298191275,-0.32878031164825794,-0.5185978877988764,0.4229061851735669,-1.207360225524212
-1.0097184197153237,0.2515247871744615,-2.2589425859493164,-0.432966726445036,1.1135362452389037
-0.2765624398863833,2.112160258704805,-0.22613207480385697,-0.8130916607751648,0.9569042563401193
0.959957521914534,0.9390952177974112,1.6090937208627516,0.37787425587533435,2.0416518872182587
-1.0100060251760794,0.7714134755533378,0.3928554009280759,-0.2882759742720336,0.4044790950251886
0.68020202730336,0.941271309420326,3.4140364080485286,1.4077932660893637,1.0158385695985506
-0.4273159938649563,-0.1634209080857525,1.299309045260708,0.9783972931850138,-1.2192696789947273
0.5915424934585567,-1.2297795764544215,-0.4402850302312318,-0.3933293878961602,-0.2519089987073853
0.8756951651501854,-0.23276122254531417,-0.12145945564792733,0.4071288340644825,-0.8383497802634194
0.37388544912355676,0.9423364724876585,1.597479462677869,0.24561033775813346,-0.46480678740915893
-0.5005599677555723,0.4545352144723746,-0.1566618203966781,1.2352153094539362,0.27197920233203443
1.371102104958459,2.1748647649803936,1.6739498822743368,0.2777963124506709,1.4525691522931352
-0.2338490729832937,0.5241886591372458,0.1921491647567447,-0.2800525359153234,-0.10921930498540591
-0.7146447694708901,0.26849201514167687,-0.21578758882696172,0.15113768116519843,0.856323312672816
-1.1706583956199832,0.4466137279750798,-0.5796129734120058,0.016129458002129154,-1.2904727775784368
-0.4857356311953448,-0.4153145617826502,-0.6763083113094536,-0.3539834881844694,-0.25313375398991744
-2.395319379111362,0.6952154703670936,-1.0719588099979114,0.21246153677538548,1.2092499879788734
0.5300346874006151,0.8203089786229254,2.3314604767293203,0.6365124593293235,-0.7469069729208996
-0.2351407022700987,0.6499955239468538,0.8008192079184437,-0.6550188070295211,1.697948726759233
-1.156787071284089,-1.5948302824863385,-0.3481613525663804,-1.4422749363611072,-0.43089005585642787
0.1822880565283118,1.0604965521075076,-0.25768063293980176,0.9010482084648942,-1.0063785152476428
-0.4850148747138211,-1.0353482077246703,1.3744490560167117,-1.1890562816322419,1.2041979073363458
-0.187830096695512,1.1053121175578382,0.9666661439348613,0.4014674905893407,-0.07244027226000835
-0.5609886015132719,-0.0029569364863427545,-1.2448637364448185,0.5473190121405374,-0.29891237444173696
0.43450135403700896,0.7212040509135463,0.7710378045666979,0.25028286028952634,-0.3809095105066426
1.0534249181355841,-1.3831382195637225,-0.20231183840494085,1.8785857271883009,-1.2321090813618714
-1.189680162405907,-0.5694356346924699,0.2613075367191265,0.3143104315110227,-0.054983350838881756
0.9646266409376695,0.45134734409816885,0.2978569360553692,0.31235870634221347,-1.0196198998578965
-1.0410414142131676,0.15651513392248342,0.6772658596511718,-0.4877780229999262,-0.21621524451808982
-0.3727798210458637,0.4900664934725483,0.6092025156650139,-0.753115713500909,1.501039090076991
-0.4460283367321601,-0.18405240647422538,-0.2637099962141377,-0.8882362310358839,0.820405023630099
0.19778327765242412,0.9236489376451144,-0.43226861457985605,-1.319700240453266,-0.5427558381100394
1.3504944693778143,-0.5441964645850064,-0.2830102589901102,-0.29415883636249185,-0.17815312578487819
0.4132682986066661,-1.2309324522086191,-0.14488730037636743,-1.2842191906702058,0.02681818188896252
0.3297275554524647,-0.06244721499120786,-0.04993320857382937,0.8620583450174647,0.11153906810477261
1.8702358144674864,-1.3391936422197472,-2.0406756662455146,-2.5020863415496493,-0.9626022391432453
-0.22615183654826373,1.2366007086425117,0.07633374531595999,-0.40420042257433303,-0.7790484395712212
2.0454433741421054,-0.5554485427673043,1.3894280576509002,-0.061899034283197436,0.17117799899202518
0.16328791832900438,1.568640265109662,-0.7275120806384504,0.5031912322985674,0.7095143242565926
0.9232150920984471,-0.039259975603863885,1.6405540787000288,-0.4567250374971471,-0.44015853648303127
-1.0463583618735584,-1.0362996513889597,-1.2023188643361167,-1.2078345868299385,-1.4609458552290346
-0.8487602065324488,0.2691437871814076,-1.6951739565804047,2.4520137652998426,-0.40157792354332633
1.545677725733064,-1.0033972353504088,0.18103719275064914,0.29176448074968836,-1.1623277840533164
-0.4145370261373577,-0.21761565496709973,-1.5698674216239576,0.0673244240779844,-0.7575245068694995
0.5648436865722352,0.4164351086203461,-0.3515555233583721,-0.038364083950794076,-0.7687872698963524
-0.6472275057248894,-1.110771550706494,-0.5211137418002092,-0.7092312861144836,-0.8507998924132603
-1.5809075089711941,-0.0542535313172197,0.16409963628234267,1.8951480106626555,-1.5496909699638637
1.4377715262602413,-0.9232815783070931,1.8307984272665774,-0.04636861929879085,0.0059116868918812114
-0.38067435223984586,0.4363739661819678,-0.15864474940195,-0.8381302304687865,2.5752622354680796
0.31662091581361185,0.5340204301006365,0.9490785052584251,-0.7787948023915409,-0.40377019555552485
0.8221643067555116,0.42544595287812487,0.19540381283545744,0.7428197912877639,0.08780432589334394
-0.9322954369022737,-0.16870337523292556,0.06137957658109169,0.16015751605645884,0.9446162607105125
0.2045367565521732,-0.9625090608228405,-0.7803971692145563,0.7896265752387036,-0.5501801275498583
-1.8153184473935065,-0.6687185897510702,-0.4349679720283712,0.2267046114899185,-0.4489396448400352
1.3751392271084608,-0.29102114551797625,-0.12478173104976935,-2.0733402044676685,-0.8737082615541818
-0.733830676255284,-0.7949340982469384,-1.0027988827758307,0.25342133190360816,-2.0030836833359205
-1.36742068606961,-0.7159294752053166,-1.9398763493139777,-0.024843893538474642,1.565421459359791
-0.0922622072450714,1.76874762159543,1.4809455143596062,-0.40636708639524943,0.8811776326522857
1.0206971259275301,1.467284568965629,0.6070230373880404,0.2823192278742358,0.2240412948246343
0.2824684331681957,-0.943254679951567,-0.8720688715394332,0.14946992822767066,1.1636463439891838
1.056021501332423,-0.41248139164057607,-1.503562390308265,0.5643288376578929,-0.1816826225731452
-0.3509534709979297,-0.39437512532931,-2.917962165444126,-0.9192284918388983,-0.8257259722344319
-0.937956355015645,0.3500290949971596,-1.226029476535266,0.14848991374597062,2.5034755299792666
0.7385641442635947,1.1527295674798423,-0.5341374529733807,-0.43446683710156825,0.4000322289161351
1.8717835301003167,2.294245282462925,2.3611655930110107,2.2248789786328396,-0.5031308244893872
0.13219137106660092,0.6886004300080361,0.20450052225756218,-0.19332103267205197,-2.025046960267733
-1.318654807387443,-0.1684924573165563,0.113022181767314,-0.4626206065919563,0.33713428217712355
-0.5344767660459825,-0.3402295117855605,0.5665951149211913,-1.0123515836568855,-0.05892386365493055
0.8176580593619343,-0.9121285909334084,1.5175962833825438,-1.0070901621143626,0.6877157231654859
1.5709606516370733,1.7178327885768083,-0.10192004184960363,-0.24616669995992543,0.13050437021601327
2.095182890450608,-0.17794324505399808,-0.8653749256212405,-0.7783268703797851,1.1608538992053838
-2.140430516596971,1.0461392868521864,1.636433757596984,0.507251294661543,0.09378409656810606
-3.0649705097428828,-0.5400438595476843,-1.399241171388683,0.22830153803750866,-1.036780886000174
-1.6546948890967264,0.5900197441705468,-0.5361323759980315,-0.8439393607501597,0.5143404921551404
-1.0240285394288442,-0.8712766779867795,-0.5687823711123567,-1.8449174793840746,-1.1141254849276203
-0.5944085572216429,-0.6536573430919348,-0.7870012418098059,0.7083521886991457,1.0941650556807063
0.76126409151915,-0.20993498685802278,0.9803523215342933,0.07927196656429067,-0.15530549918593226
0.054429728370609665,-0.47733616676141793,-0.37635787729023024,0.6220769092172824,-1.3060917826051095
-0.9824281798650593,-0.4238034184366204,0.045481689780502065,-1.1019652227091385,-0.3461970905916018
-0.008193238136938764,1.54073683737198,0.5802143317981445,0.2800030142062348,-1.9270117232650628
-1.8909559129005744,-0.013161229469045339,-1.0798467466919166,0.37449969080802564,-3.0246093699926924
-0.4781836539032389,0.5104617546270804,0.1979341827130159,0.36161627268862406,0.7215617573847946
-0.09137270672519328,-0.6417440457267908,0.21815764990580228,-2.279110753560575,-1.4271850336876821
0.6282879253875663,0.4968150512974978,0.3140725215265303,0.3419043731056267,-1.4987952154506508
-0.45324647189409484,-0.9379167082111447,-1.060755210213295,-0.8951065312337615,0.5222825162299454
0.1031003297345864,1.4849983210004023,-0.9356140720067696,-2.232965920089208,-1.5762408645474622
-1.3044835072808914,1.532059480505627,-0.7270161977554777,-0.48300356018082125,-0.1749295039809589
-0.1774500392604577,-0.1893608041133524,-1.0351938452215201,0.3689037679131436,0.922635852775825
-0.356314176154684,-0.06878862711365999,0.6541613412192526,-1.1460091049032624,-0.49315188006171784
-0.6296614174764382,0.2673342923552849,-0.09620938292954657,-0.13299417211398942,2.4701583042300235
0.0715742785968464,-1.09566694459588,1.141315223855952,0.6261547426466035,-3.262548139237194
-2.1666633716975925,0.4249910681456893,-1.0896354301278757,0.47544537256920466,-1.28981907342766
-0.07523369250449513,-1.381259418383238,0.1562421498777712,0.1323854415422529,0.657870624865689
1.3154011682563393,-1.158982304326316,0.3570998871025405,0.4414353107230876,-1.0007994386175703
0.8365911790298949,-0.8073581810731864,1.2286835141218189,0.2395067919394685,0.7971335472936528
0.16861868238483715,0.7611342095794597,0.5982487941210975,1.2393054524825033,0.9440641675940604
-1.7717682157586339,-1.6612670600484944,-1.0604529036671517,-1.190363714092357,-1.5043208764266882
-0.39373715909874396,-1.2787139146219877,-1.4871863317780083,0.9787346664832715,0.15210339382271676
0.08686640004199526,-0.2310396460764887,0.5304073671747342,-0.5000015427416444,-1.4657097004992852
-0.11439146524388964,1.1642626768428648,-0.8533996582147103,0.051340936038837506,-1.1176823215558493
0.40249790318633155,-1.185658765310785,-1.5869050849118247,1.0417075767223127,1.3483155326969216
-0.20868013676421635,-0.5254683511843927,-1.9261437839507984,-0.03740977567858509,-0.1406399145811835
-1.166031915630599,0.8036583946372312,1.1711026427242892,1.4526364718829436,0.2739288718495553
0.007898952916713317,-1.670953723791458,1.4215317122951328,-0.4395809191015443,-0.532321985119483
-0.3687955035150556,0.13145453528539933,-0.11350163099571865,-1.3271942373506367,0.12929388669141617
-1.4868435977465937,2.387251281809608,-0.5960616220037709,-0.460083895056933,0.35411090204908585
0.0020147258138615977,0.44020425659019286,0.18294744400929688,-0.14477987930194022,0.196421964998233
-1.2769008757990559,-0.667021736116214,0.5141983161043345,1.1092650957418237,0.8219610633326624
1.2177214881142275,-0.5346718106427795,0.7837617461205645,0.20373061992496652,-0.25619622857448715
-0.8817874258948655,0.21978748333353954,-1.065800403645056,-1.1549351270199222,-0.8915282671988771
-0.7014393621412781,0.33709512431490657,-2.467750330107294,0.46423003437181665,-0.8436268047774339
1.6800462980284496,-0.5892488584602122,0.39040980247715296,1.1277109874986775,0.7192798724709989
-1.0126923182264043,0.11899814207533042,-1.118394389661075,0.42225965281943095,-0.7950263378394476
-0.31129848458324005,0.35226033742484225,-0.5423573023569027,0.4887549302432148,0.15975542316955224
-0.06899229930169158,0.7254375080708861,-0.3338588232165891,-0.3495678041912393,0.9220574775091013
-0.9224737772739362,1.786964662757932,-0.4889477810952119,-2.2541412821366067,-2.001249113189713
0.17570862717689922,-0.847042247686756,-0.13384587820014884,0.8043767268817056,0.4913090101070393
-0.11721880272520172,-0.38255475210266765,-0.5413966555350707,1.2241979197756125,-1.449123255677544
-0.5566676269802333,-1.0306248687131911,-0.9932543417295084,-1.7898574630286996,1.146767372896729
-2.788038623548182,-0.5058937570585699,-0.5489919577110348,-0.6196090973776319,0.5412325126228433
-1.9029520815326455,-0.043298102010157144,0.23532882724212364,-1.2097240016203177,-0.9294869434950622
-0.34539519401145813,-0.30349980109282176,-0.37756597340083214,0.8547723972358534,0.5574089976329716
-0.8899594082998346,-0.8018943507235816,0.00035756383632554113,-0.8314470047448261,1.7393579927729075
0.6332605934069001,0.9671891202882406,0.8486607736793619,-1.0971664081624743,-1.8400941335842635
-0.0837151857536517,-0.05041574687272878,0.45951252754838295,1.235974610454862,0.5784240091575139
-1.0979703576026385,-0.6077245727266354,1.4159498282529064,-1.743927782487186,1.1423674292965782
0.9773255898099472,-0.6180810579453955,-0.29806576995387063,1.1125648325645974,0.3117480322402847
0.04481620038589437,0.10647401349896048,0.7574677167422693,-0.36364316899564086,0.6426671384662841
0.5203001059935909,-1.498635294315822,0.4729927899212253,-0.75629839675124,1.1398141834619915
0.03633193763382215,-0.6923089977277643,1.0051320199514897,-0.7423214296336526,0.014758328858881524
0.3902024884347805,1.8093438379464029,1.0317576644350477,1.1852174950558263,-1.0185166594447332
-2.1759335618319757,-0.8685208281299382,-0.5705728784210177,-0.7037090857127243,-2.4494067864070055
0.806853857466075,1.7656232970874521,1.0432474455302752,0.12731555776201628,-0.17225751011617274
-1.0711549547605683,-0.4357749444590678,0.03857636472264626,-1.511446026982305,-0.9058919990112214
0.3365392849613493,-1.4361371034994643,-0.5244988314369179,1.6453029814954165,-2.5543746693201927
0.6970901169880684,-0.167057397478845,1.1230231664690524,1.7490440861688856,1.1658631975003875
-0.20143640346262282,1.1455574750860302,-0.7367194180757635,-0.7403162964055516,-2.076829254935196
0.6930198967857091,-0.5463510123383929,-1.5691204330787432,-0.04978129335755338,0.34600361570815025
-0.2729656484961932,-0.7458438590641487,0.2762607585536696,1.7058374083183132,-0.1861447875281672
0.16915188661164748,-0.28845168837619234,-0.42840791660921357,1.3776858808962753,-0.06301562896021873
-0.3929833033629436,1.830611141695553,0.3648600877943225,-0.8232547768033944,-1.0432842293960927
-1.0403213907007234,0.33059662319514393,1.944180120491109,0.8348609666179444,0.0504857002656385
-1.870862158062501,-1.1164912472119535,-0.32223942119773546,-1.3609699741863488,0.36196875012186924
0.11621230818963309,0.34107216766783055,1.2474642466113086,2.602520131647249,1.5412753206790333
2.34031391605187,0.5161681710895968,0.6917057649491433,0.5229647624231436,-1.0320137931940623
2.310344213942114,-1.5425209011831365,-0.7652427929178917,-0.22405322767031008,-0.4310298341261372
-0.3644338902247518,-1.53875183184916,-0.5674288308225525,1.5777857446558974,-0.4444570266015033
0.13620539502486356,-1.5326594478176834,-0.16880674002609275,0.7119408680853236,0.014283157502552116
-0.5429038571180591,0.3563245875577913,0.9068329018644508,-1.5285987180567024,0.2959731949544777
1.708787586323785,-2.14187879586941,-0.20333673400838057,0.555116358145356,-0.23010255234077684
-0.20924083556561798,-0.2742544280188899,-2.315110128783366,-0.513622576801524,0.7693108935150808
0.4171339701538301,0.040510669069236026,1.6659664597949335,1.3421488006593918,-0.5447104618160004
0.711337852949682,1.2035586825232376,-0.39378179029825583,0.5363962818619249,1.7656282975902053
-0.9974688851621024,-2.1832459799084964,-0.6172936378696874,0.13510816515930638,-0.7225076373276704
0.059561493183116376,-0.43271858660099954,0.27702596849764016,0.026193983381801594,0.07264800687714985
-2.75616961539054,-0.3554266528936752,-1.1139711731219042,-0.07676332026331747,1.4215121485476148
-0.0889316683511564,0.33326409469064205,1.1728424509976512,-0.663281888868305,-0.2622381622868941
-0.27234980759008065,0.20351533579452163,-0.37679585914942415,-0.3560119186024919,-0.7063015624548871
-0.8943646818530113,-0.2816362779473371,-1.6873620012565531,-1.8824032905144334,-0.7887832538238841
2.1356068295661426,-0.18075302095997178,0.1568482262803482,0.5318847863928913,0.47838273441605
0.27053850359342607,0.6664566078168989,-0.6769520811152786,0.5502799124898403,0.9696495898039189
0.93860061120885,1.1900369710268923,1.741221823238606,1.069279321930266,0.8726372692793706
-0.23803914832127973,-1.0752668406874033,0.40518116457711706,0.01307925026359978,0.5684679720639993
-0.073786406228961,1.4846754054084517,0.3831134229754638,-0.05186114845512476,1.36170765189282
-0.5664149101976533,0.011375694648203477,2.5635720356234266,0.705824647857275,-0.8700334283792341
-0.7267695011085566,0.7258666209059663,-0.0818501685823073,0.2919247179146611,1.248651295055949
1.5945059489621742,1.1850006881882604,1.1418862318459664,-0.23244940881048343,-0.12868871997731457
0.07736790473778368,0.9985720816096441,-0.13316087158178191,-0.731029248294573,-1.2761463664725925
0.7064336190029435,-0.07437347907786764,0.22316606646695508,-1.6210941766953944,-0.9284998722040848
0.9856148079605341,0.5745968754845117,-0.7197261301341568,-0.19058755247940962,-0.08719363616067677
0.7345458685830293,-0.6196572468703281,0.4469869268235906,-2.2618293147638666,-0.08256283936155441
-1.7553037143850647,0.5975858858881496,-0.2896560304236122,-0.2837685220885744,0.6849765871800103
-0.24849024371060965,0.3727785003770064,-0.49901419946115677,-0.5831516835151815,-0.1946956764492068
0.40743251048703133,-1.147884224676471,-1.3512936618164861,-0.3486220578324184,-0.8403084366907133
-0.17104930523926687,-0.6232217760977822,-0.2536452694831624,2.1889071463224434,0.3726879506744875
1.5707812239652155,1.0043810963271882,-1.2665996634561467,0.03714848945932266,2.379530148332428
0.25066635041778484,0.6696236299535584,0.2528499585514619,0.6489264473405143,0.8074401228898284
-0.5436395733801016,0.08279343455797115,0.12594986638164765,-1.4833365696800194,1.2549257191752918
