protein1,protein2,protein3,protein4,protein5
2.135231672587684,2.001527224361317,1.5167197612387127,2.2181958653980804,2.378030832733157
1.5873313557619857,0.5158987751918702,3.034364848766921,0.3073214942675646,0.17002514308751654
0.4422378808282716,2.9714114917168533,2.0824714478932314,0.18718938771677807,1.9362096251011602
1.7137190943003946,1.9002529425707475,3.9848007196812127,1.4422759724217393,0.8467338565707943
0.31356799207496344,0.31710596699651594,1.0543031603986155,0.4324303873410612,2.991763393057029
2.5360325000264656,0.23013856124562473,0.37225206413335155,6.37567001673199,0.8675742355603651
0.18474003941657066,3.2395929929116445,0.5172823356606197,2.412620431367135,2.183427764428948
3.2391364700995884,0.6128373359931121,0.7696772219709593,0.3157084998182542,0.2858181561841763
0.26947918237217144,0.276893406522364,1.9668482163230163,2.7673252366684564,1.2647201054144301
0.5846533376145844,1.0363090636018104,5.026705325823106,1.177685146236717,0.6395374946482407
0.46141715410214024,0.5803871281821527,1.3372336532562343,3.4134671408980846,0.35072306472547715
4.065992734063127,0.9541027262884855,9.940663251720803,0.32918291566345936,1.1678027787320646
8.129698085197324,2.3986310805891664,1.1941510844313648,1.2278365159059716,0.9945612456565127
2.8585602017117413,1.0612004906809522,11.907316740888476,2.051433281779285,2.866323002801869
0.3257868396791612,4.687721175620758,0.8329752693888555,0.27432993055815474,1.9256051779631218
0.819046695607355,0.4577988897518092,2.6973249806291175,0.9694008299102942,0.22561376012452958
9.05159600492459,0.2741753338793436,0.5018954477610793,0.510930051492657,3.45510115157277
1.9811582642719825,7.943866406424779,6.804975256420057,0.6978841229582343,1.14309197243403
0.9049207600366331,0.3335595589940246,0.5154634562643267,1.8332648857493712,1.7093568020084466
8.217311952326634,1.5438626066195864,0.9485937758214771,1.5141977624928673,0.9691729260849513
0.4426119028634982,1.1819964185000982,1.59627245581091,0.8946487518178253,2.0266878396912236
0.8894076692802778,0.41593005544352274,0.39904808910633355,1.3096075822855322,3.3973467299259648
0.45525980887174544,9.509387711552884,0.5190543299619024,0.593959372103568,0.9382347918112276
1.2715615166667333,0.6748771574759093,0.402912031770989,1.5455319866270494,0.9716959211616183
1.338460612141659,0.5849499776328136,0.8352102008049009,2.0261010061280773,4.68387828838848
0.5629896311545999,1.4642242546444872,0.1548557951856165,0.692586804585491,0.11812402394855104
0.26068221008662146,0.35535651235184745,0.14969327929042794,0.5740735758968536,1.7045900597409327
5.7275587411722535,2.7571345771457088,0.5482346265580101,6.939895992636723,3.592572892009221
2.735062823259175,0.47669042160103764,2.7783485677022663,1.2421835058123987,1.4345447468574517
3.017371786158683,1.786765892486616,1.1485072438079214,0.1892688945305078,3.448187390827774
0.9289555623589303,1.3209456454485218,0.44704719097187523,0.4147956881889885,0.846185267312354
3.054241948288592,0.4141406082617427,1.964072372553081,3.0288803422237867,0.6344640336634118
0.12688473666684771,0.4964579828237703,0.8973580858780863,0.32326630199353473,3.708867487467485
1.9440439312200948,2.1507095479744454,0.7356415215312287,0.7619605731740579,0.31150353772544315
0.46498060418268616,1.1005675374137303,1.5845768978465034,0.931666750695054,1.9682742097877313
3.007926680323496,0.16217900291948475,1.27478661295736,0.330557082205966,2.118335741546944
1.4503311095976583,3.2618909465206127,0.9084871809104061,1.9155842063169113,2.828079326985043
0.40067034335383517,1.4306554597825483,1.087203982180678,0.6595008333654774,0.42962127139815853
0.3742223154508896,0.9561502087871766,1.3212728916611596,2.24430645695071,7.55766376886542
0.37682284307701264,1.2273553380167697,11.244582822333017,0.3076705014284263,0.6723746285251568
0.7004584813555642,13.800961006347665,0.6684105436950136,5.616326748205084,0.7638804590589848
2.5179217095607327,1.1884995331488888,0.42750325308447185,2.2620339426534604,0.17679028384338277
2.3074450236708226,0.5404332561532451,1.3395240689236483,1.072667888305304,0.3769634145775051
0.5236900109940188,0.3624283834172374,0.31729394999453003,0.5779538676951224,0.9486419621823006
0.9008268734333932,0.8061854158892493,0.47447057747929317,0.2951397556325799,1.4010679519923197
0.22016894690666255,0.9754159293455688,0.7060422622303821,0.11189154727138013,1.7483254545935252
1.1760106128813652,2.8207823704925086,1.0557653553422364,0.488048892095109,0.8197514909340929
0.26289420499048965,2.3789145415588937,0.733565352965678,2.5457679176258696,2.1442604865019397
1.8479620706297786,0.1503474744723341,0.8451610412941979,1.2245714748410632,2.3970707225200187
0.7280282442771848,1.2337186189975233,0.22118386563238332,1.3314020694007112,5.495622812880239
0.3760972744726455,5.2408407241277715,0.0711291577459962,0.8871382761197297,3.105265652388447
0.46647202955385897,0.8709343526890436,3.4563299819217645,0.49893560985069585,3.0933304257316605
0.26075678363484406,0.3632367079076954,0.5974828717156958,2.3931285241880387,3.33970017315949
0.2604443732981298,1.5549261564455497,3.0114264286695933,0.41904089191323163,0.7303768235461016
1.4563424355637693,0.3837755184469915,0.7656200082574469,2.044819784142404,1.0635006668182745
0.2764098112938902,1.64355491539489,7.367235590614809,0.28051069135286655,0.6950640199666441
0.12167364411256418,0.08630887861051911,0.7859229749346268,0.7246148183371675,0.8554269699566502
1.9641307695481147,0.25728100339631893,1.1944611121254538,0.10974443115875401,0.5838728587031646
1.1008553153684895,3.216867374049321,0.8798178086326086,2.5381088280567266,3.0994777294697053
1.017434894113946,0.7002386542853257,1.0554635933483414,0.5464539859758153,0.23290018601690402
6.484170080284243,0.6750691545336074,1.1303190408644426,0.26085127396393404,0.16570821778916336
0.4314004713512381,0.5874789168136374,0.22375857396902374,0.09941623383309818,0.7035452122497522
5.426640870888923,0.2003272844397068,3.448788106614466,0.484558888921986,5.758298882046968
1.7887768472239263,1.0125412700713379,2.0923630695880093,1.220167350873585,2.7616312042887974
0.5581656558720168,1.947103490894745,0.6794979919747907,2.058271671456337,1.3971881128910193
0.1400680186289897,5.094345626221813,0.3425456865315529,2.880029778100699,0.992066918688122
0.79133296843505,2.195505118100786,0.33348050029347637,4.204133858371737,1.7398218814739732
1.16554385604758,1.4462158943248933,10.755681389524097,3.937439913303923,3.333445827629991
11.197999889118623,1.0380897252811052,1.0337196633740837,3.4129450582458865,4.852628802468259
2.2348435102230613,3.2387401238895084,0.6486258621985856,1.642278108219133,2.094673320044736
0.47290211382032293,1.9526285382447013,4.609266301083441,0.1991973423914521,1.4317648153756677
1.070008498304305,0.5572876985573847,0.29900212494979256,5.133664869307485,2.276234052186828
0.16752724078643147,6.48632564774887,0.21020866084433223,0.5111317308629578,7.797458070403231
5.027916362249133,0.18887741875763445,4.089089202171506,0.6359940557713328,0.26932072577659033
0.34307160067181247,1.0249456792975566,0.3128416746710509,2.9380932089761758,1.489213809508504
4.28192223659701,1.9438875898554984,0.883721309587031,0.06099288624061373,0.8181962822724843
0.9326057330683261,1.5261543767825756,0.2878114226159179,0.06382477366002712,0.9860645257077786
3.1778135296526338,4.497523724624605,0.9430592668596981,0.39118731029489745,0.9514290059475141
3.981569840223766,2.8479988873765287,0.9071458206282283,8.298073735125142,3.3653663626409864
0.5696512647095703,1.3787308393054498,4.215088590990006,0.1785168698966655,1.0777588980700292
0.8242305835658141,0.2670024818406919,2.19893812960841,0.2531417630308605,1.391139735456517
4.503453179645672,8.381408429154645,2.7710197739034816,1.5052187506384302,0.3691478814170417
0.21553323148000333,0.731242661280551,0.4072588246878784,1.0370357173814901,0.659317292118361
1.4070523273451843,1.320946541229578,1.0012653725795688,2.534311579688468,1.615576928173784
1.0584801460975866,0.9347699048943673,1.654109373011132,0.8243024681238528,0.9451192118307155
1.4514160635771953,1.4475285150594164,9.261779524549201,1.516322512546692,0.17330127467030249
0.3038494369212664,1.0223960894361153,0.29649583189198775,2.30375654290025,0.5110286284109952
1.264530763002476,2.8616911784244112,0.30234907092514063,0.5641971907414496,3.8602551557977325
0.10440600387086452,1.1121929488932452,1.3253760290329963,0.8422087059633114,0.5302711275084395
6.690857260983736,0.25364429956511797,1.9275475504586923,1.950751614467846,0.8087876457824709
0.24738711263885124,0.8287039652210141,0.19874159823129606,0.38167347246301736,0.3565432965040509
3.0183654270123816,4.224829451337944,0.9169530844632359,1.1792830253183162,1.1934287564172943
1.697014311231997,1.310286518635678,1.796819062158425,1.1394827404189636,2.391867264253828
1.8122734845704456,2.4628977775316967,5.242123239536596,3.2894780646350483,2.4516973902000205
1.614212906587984,2.703354255919547,0.46934230428872803,2.651410795328269,0.5336688061640545
1.985594629000956,0.6333807251820309,6.937826211467593,0.8625360478832528,1.8789997230596187
0.5123906334203324,4.587161037916846,0.3477550845170115,0.8302263088733964,28.01620865324026
2.816330095230368,6.459045393849998,2.803330900279946,2.119993568628828,0.4977620375623472
0.15145233849227602,2.1445608169276924,0.5038671695635598,0.7564250814734846,0.696230313065949
0.7200782288592832,0.8018863311754881,0.3181105795948168,1.000047255453317,1.2883996726627727
0.09267171041081101,0.8141644288408436,8.669744458403866,0.873108005662346,0.21455722029353114
0.5312571769229621,0.6907720347519615,0.7574998683128342,0.0393737459255964,1.1060915232024222
0.7860274269305239,1.1435931556831194,1.4717223598665263,0.3459068941892916,9.16721278851896
0.9140985519770539,0.1799177391478444,1.1855555870431043,0.36005313010606527,0.920090983706079
3.1932338833704024,1.6056157274816245,3.0400505834280365,1.8342233732574031,0.6965076372632445
2.402254933882053,1.1043202991807746,7.274638690925637,0.5716695139709866,0.5100045680312265
0.6756599342720905,0.9674505238373836,0.3606176594355462,1.206533361493145,3.308075533299602
0.13369681195995026,1.0872009312340907,0.8786498423476005,1.7636690527615237,2.1580631328219244
0.32240386616893557,1.313276827133536,2.7827105968961217,1.0014034198028288,1.4920260945207038
0.4184688993849896,0.5556445266391402,0.2557023914509796,0.5096785852530572,2.8970982643025938
0.638649542938402,0.06152670484183831,0.29442848288537365,0.3422550096579154,2.1971056317314024
3.3856727149160624,1.2131411817622038,0.04927816687179807,0.18931459325236233,0.38828587587028446
0.8973372259303564,4.703620575641663,0.6202876207196193,2.405166410778246,3.7815152169824224
0.16790338468594634,2.4637109120412846,3.595030028201525,0.851913102804971,0.5811961360657637
2.1753875862051544,0.23922977482430444,0.31731927320986164,6.272493630382387,0.4901476291320506
1.4920432920221334,0.9256178820796407,0.40864704666097523,1.1132096459403351,2.839466268547004
0.3346663827878244,1.2001674202144976,1.2120075897842453,0.18610716616626963,3.086163600536697
2.927921969696088,0.48075614282540174,0.7684368710884918,1.4522083498142204,4.067304940322457
0.30989126322789584,0.6683719898711596,1.3535631775852583,0.5492093663745656,0.8659881604046512
0.320002384325193,2.6266895720636,3.48729475407874,0.7038189309955526,5.352465448825552
2.9038714312657796,0.5276598624171915,1.6248682616241237,1.9983736196129547,0.728942230812862
2.1851369581795836,1.346448258541514,4.268821700799442,0.5685256100980391,1.3188036925943116
0.2816842234677768,0.4389450670871966,1.316567338101746,1.5164865510194405,0.49152086004841317
5.290571872956159,0.5754676569284854,1.4910864718973917,1.078979307176546,0.48138747497210865
0.6999438811649046,0.4829501026878596,1.2939081630370484,0.19370200540942736,0.4759465161170936
1.6469789150653997,1.0627973702481082,5.767566001391504,0.2683638943172875,0.7114601272977007
0.5644260955534137,2.6305043676211795,1.818587151459669,0.5967817715798764,0.573403237795319
1.5024361297392856,1.9065918544482052,1.9238579045031454,0.3201526682593709,1.5832455565980819
1.1202211802568258,0.1875891374624666,0.2660833461254128,1.9114554482115593,2.7800196841638147
0.8645815977802325,0.5680927598155904,0.8374092647320363,1.0567465334250377,1.1110927853614123
0.5755576401840501,0.5420060129477491,0.28422422142127307,0.7679677012620483,0.5840303539706546
1.2406724278181005,0.7167743275758457,0.306386815831048,0.15617456774669336,1.2218407942840317
0.4455910299594549,4.923134774624318,0.300697858414641,0.6286687664639511,0.5561120995948874
1.5317151026044231,0.9581959088703839,3.146312206459739,0.8217539259358603,1.7272403665976404
0.3012357183037736,0.7920365423105623,0.460644638091867,0.33635578001204064,0.7533795160740764
3.5561353646675484,1.375280595980589,3.0076232501388955,1.211715851088395,0.7755991737735302
1.0358507599963207,3.0420176710871836,2.688043944708668,0.184317015925791,0.228495498058212
11.60128573340121,1.5101168923127148,0.4401620822138368,0.6557340839797209,0.7674302827666725
1.2197840294665827,6.987745758700169,0.38919224077056075,4.849697379272476,2.4842522927446873
1.0466156814919623,0.9593310799198298,2.7207993723116006,4.477611852420387,1.4785603363290485
0.47353064522316785,0.8075174204840563,1.8321719104021696,1.5531994912870748,0.36952652387176727
5.233259970574318,0.5094910950511962,1.0325873060140376,2.7878410311657422,2.4839442650937302
0.3146949906504922,0.3967484889924666,3.0297453117284037,0.31691533394698973,0.4778727437382278
1.140480637806959,0.4699890767073388,1.7178184465333581,6.135865396603047,1.580624433258589
1.2687507373538378,2.539614798730259,0.5780792096259008,1.8348853750311755,3.5410757825038757
0.40389685964087685,1.0241654833625946,0.16855244136093978,4.25518356610171,0.29926706672260034
1.2062019630616372,1.2823813129252835,0.9400438898827889,0.7167019582262355,0.5501446072075311
0.8205986534642989,8.400092850492317,0.3346057501838925,0.17274184074938312,0.2811698900405984
0.3221082290277238,0.9806182503490629,0.9484522143144445,0.48367866777791074,1.4281432182108211
1.1306228896653527,4.34935882852338,2.761817857135863,0.3512375047006221,0.571356707674986
0.5722840831134574,0.33916022908761817,1.741297626887272,0.7343920542238307,0.8151260700169088
0.8883633687053996,0.5171352524467115,3.624373143969074,0.4222300640382624,6.329838840158987
0.5533994830138778,2.5752473284003483,3.0559006593293834,1.1088073957433309,3.6819523075473897
1.2648472313684762,0.5972777514060225,1.0976757883601342,0.3813906968472497,2.4615923310756282
0.14959064866420085,0.10689001179150154,2.5281934889209863,1.7015474792199452,0.9533510513791925
1.2509663837946454,1.4305204852395066,0.612752684435685,0.6362632706549354,1.0613485884616531
2.6218466195076755,1.0861295053103837,1.1878370621032395,0.7345275175219266,0.7390772170363684
0.3083134687046837,1.2547455766002649,0.41874753413770516,0.49022053473695076,0.8993462700325394
0.7178276629434752,4.245728879637007,0.3508955553063989,2.031390191423362,1.2253099696060974
3.3008731109438494,0.3721400485846486,0.3430684522688185,0.6722147973250076,2.2430909301360678
0.16717606459204018,0.47800274999686704,0.6232031992268161,2.2256471909133744,1.3640715939578725
0.8362911841071293,0.9338143830784035,2.1461653258559017,0.21862784574360095,2.4563566426799146
1.0491244080280016,2.189884551239047,0.945110233410818,0.8539832102439832,0.6277642109339285
1.6832887236486638,3.131022704838215,0.25179046848587017,0.9195842646544357,2.3071162861970738
2.030548773808924,1.1571969525418315,1.2315029266163806,0.7663190313542688,0.6145487493204237
2.4456962826102586,1.5586835250525686,2.0955761527780474,0.22676301978528668,3.1328723509410015
0.5593556456893014,8.050441864351885,0.47268351484311966,0.2076839365741439,0.862175389611162
1.1600697613013817,1.7767388845058039,1.6745937634026211,8.609045420207645,7.794508231195099
20.2437483975306,0.21371487515606988,0.10141830798651075,0.323744165794665,0.8595005106497312
1.2977276686826458,2.133739740303937,0.6859381615310208,0.3884644958981964,1.793612903729102
1.105719374248979,0.9265877830968905,0.893389069254543,2.0648241064057284,3.2350049363296756
2.812433562610969,0.513757342717726,5.6387916943326575,0.29369070384723095,1.0575826464300324
0.42693585619377017,2.4242535933396936,2.8226544727819816,0.4067901644661402,0.4968911648843442
1.1940645972361343,1.6309243480860647,1.1082747095657164,0.5279254294529603,0.6820802054361994
1.9130748593652165,0.80009420180266,2.0833638848558182,11.421093375168743,3.0192983901203285
0.8080714232157086,2.2694349943190146,3.237725570873126,0.8422541253022264,0.5026738943473873
0.5229046383957563,4.372051592337352,1.0245901175779843,10.413381900650808,0.1999357281086677
2.572903433180817,2.219684665351899,0.400933848235264,0.9302063541978999,1.2714086921914174
0.5810783107033941,0.8564206430191528,0.4076743352749586,1.0190491141831497,0.9405437754466505
0.4603004307097091,1.2768208445232179,3.6944275393544164,1.6613885980839853,0.848883740995202
0.9214547068753393,4.15638737436561,0.9375000492905541,0.3463773570737967,1.1534034432545872
0.620379081086102,0.6775756552340183,0.6256588551017377,4.448190195325733,0.5888920689990425
2.411445021746553,0.07151711118921862,2.2916078134888673,0.69591206194336,0.6724114147587916
0.39421900248492847,0.38113353022050384,0.8610918786954683,5.06114534426172,0.37361431274421353
1.1301809851234053,0.10892615882135348,0.7585167206978142,0.3679219613543712,0.9037862903138015
2.6450460289207425,1.2649723052293005,0.5760140318069935,2.1758696089031275,1.6528747800576271
1.2133546848255699,2.302625784745548,3.6793534802072956,0.8611220590123106,0.14217708800922496
1.5360679195954048,0.42107434207666256,1.1480636725104143,0.6794978966035777,0.30926303278221956
0.829156527248365,0.8313122888866449,0.45479047627463154,0.14260320416362,8.253059721688631
0.8163858362424916,1.10265410110974,4.682586874445795,7.327000040721544,1.5007559512950126
0.8007000424943247,0.4577218178243013,0.2661138002105637,0.4929307152676673,5.8526263635586355
0.4173044777153306,1.2640280605107386,0.8362225607509062,0.17436049885852467,2.7298717240925163
0.4113381766506107,0.2235602620064033,2.8385483610161417,1.555373540816097,1.7321126323848233
0.38865489915191415,0.7270359787892342,0.9061119490805706,0.12368336311973023,0.7820409960048335
0.38334986372042307,0.24105638798609552,1.0123031078329727,1.1192345446372873,0.2927602821825287
0.3306030135448962,0.8837145354540624,2.151904693170771,0.6532748967277031,1.749176310478976
0.31449587856587136,0.5331889918818085,1.0999156514319608,0.30746894938200586,0.6748507036533989
0.2629966162240826,4.8607775667381095,2.378735668480186,4.432142694584974,0.22912150621769706
0.0966938953449641,1.4010719194298045,1.2149032623361335,0.7082158026418723,0.5014855618843226
1.1814917668817109,1.9263167051170593,3.1578952475150754,1.918503553655771,0.9696696818914211
1.3726608877758295,1.0667169481762953,1.3686267878827354,1.1967553444995358,0.47154017000406573
3.2242230501369877,1.3787058211155294,0.7001764568651312,0.8033986589318018,1.9781777282449908
0.6899140531950609,0.18112428755311405,2.402672122167251,0.2538897192667668,0.31312684490355375
0.5958356240260216,1.26432642788606,5.201534163034985,2.165551983329677,0.7004327527790835
0.5668398355155392,2.6531671073392316,0.7289002652011264,1.606709017912928,1.646759497311463
1.1733931395386263,2.445843886744996,1.0638197241818759,0.2984537476528258,0.5931373323051136
0.7785261322510543,0.33577131241144265,2.864918170184805,1.056861898435765,0.6199765778831897
4.328215729080254,0.590281931951599,1.5235707455053602,1.113246173404828,1.2068077992129893
2.783111742141184,2.6319892729788927,0.648090349850373,0.49015231802343473,5.577856341501982
0.2984884179347506,0.17378765699830967,1.4703772456603628,0.4925568762976041,0.2533724642187605
0.9291933968773596,0.6707698190534264,1.4663116850155227,1.221483202858604,0.2624931786954725
0.2170747172502465,12.342026420062144,1.128542023229425,0.6188033738916909,3.384182996301222
1.922432383649938,0.39806697981211175,0.49768108787702736,0.4615496451072754,3.4886969152977128
0.4649225761483603,1.76236338041344,1.2063585786480615,3.384791040047553,0.6124737531454135
1.2367689263247958,0.7980983427885588,0.5413721289898745,1.0385088912280767,0.24673604450424336
2.0795001756243052,1.219224711514064,3.9509944332353624,3.15475410518376,1.3526110941367717
3.6330017458643864,1.0382639435941015,0.8933242898762971,0.5639645140162204,0.2147994236344816
0.7641481210221898,1.771931175839413,0.2786021794928274,2.519431841640473,1.0308201891896391
0.6659316099974805,0.9639961113650688,4.226224050970768,2.505928336760926,0.2537303603070051
0.6820571692847488,0.8007576706309677,0.3082893589554923,0.8724213846234264,2.0806198283991315
0.9230003337305895,0.5895028136949507,1.2739515857573978,2.0858330735557837,1.0588492276602834
0.6937599030629995,1.7508843746516751,0.29694895136258853,0.18331371690817347,0.1988133273085635
0.6954621405735787,0.8533799211143331,0.4926225369511167,0.8803242699365599,1.0724016839389663
24.83480858837529,1.7104037733997715,1.7775561377384674,3.8855801771904264,1.476906174161562
2.676222977913977,1.251599590427546,1.5594554248706813,0.8715308523940328,1.6611008291684197
2.2329111883798545,4.263988019583335,2.8226356594456963,2.376366159238657,1.3470502372015427
1.7558772067743373,0.6635387456388213,0.44031481630286,1.9242791061137854,0.5251647644214594
1.7870028352816447,0.6112263417667367,1.6199570638754381,2.7029250763204336,0.9655097188668189
0.3467629561745641,0.5788219306596001,0.4658308500762015,0.3544983507203181,6.464015156199156
1.4824021121942395,0.14763114464827037,1.1120589362928204,0.859088223099063,0.8996654820876634
1.9496347331731754,0.6006869536571915,0.32640940441125743,0.12243583732486511,0.33502283389309595
2.4736018728285463,1.0757683974953267,3.6710762613868626,3.413138275432583,1.3957474559801077
1.9101951222163076,0.15077242296364543,0.2261361433878468,0.40060153888707456,0.47287867088585533
0.25997998065440525,1.0109719106869837,9.019945050342926,0.6981599078026417,0.20769295250087416
3.353490323056316,2.71594382617012,0.7245461706865671,8.026164210215612,0.2831390440131065
0.6723190669497039,5.116722443538653,0.22446204652744003,1.0390484842542105,5.258420027235324
0.1765232947848035,0.6172190771387271,4.1102441823866664,4.709049692146675,0.19292800328596255
0.5646969524494082,1.8559671882518116,0.22653996116675323,1.5917883543705358,0.3110174993799214
1.3966213016185003,0.821878380758016,0.36278978149002356,0.12640529319680954,1.5452263907760277
4.500396666337685,3.4210259229031843,2.1270990413581163,0.4367840831163735,3.815892726821039
0.3044043093133286,0.6735162637923988,1.054271946759564,1.2666084016023875,0.11341443131408152
0.05590947332166883,1.8293340365022435,0.9721188445847689,1.7844890984047985,0.2802845731422487
0.6789024640190194,0.26153122864679024,2.0086958613067685,0.8483829369271314,0.2894483925760505
0.5325054797311164,2.82256669361443,2.142768237817963,0.37087442478830235,0.2095362790312928
1.0171381625363023,1.2157567187544398,1.5239544330801382,0.7436597551874246,2.1145731293020997
1.762830532358408,0.21387520492677137,0.5689811467938916,1.7261329837663275,1.1618644797032023
1.1119895675394589,0.7114639169014572,1.1786657989864646,0.9703956379493822,0.05730320162919781
3.1566682360978744,2.7954864528715566,2.565135823497043,0.16089928409728022,5.787488167958605
0.9935031958955253,26.670058504484558,1.7416302893238667,1.2854535986633329,1.108702372019013
0.766099811918058,1.7371487891202873,1.3648869880331316,0.46849446442414727,1.3669951917512675
2.6961086918163675,0.9756786647366856,0.39983676845201693,1.6675485963639338,0.35241458089865724
3.417231143421598,0.894703981717998,1.3147522059234722,1.8457910826009618,0.8203727483937083
0.15067157753874155,0.9351937289441553,5.2052195284186125,0.4350505990339761,0.18701303639418715
0.8627477133903966,0.49104297535605707,0.419465709009672,0.9954457531430723,0.3248581704252071
2.4510762078013975,0.29624507238153847,1.8283030937683877,5.658067721710155,2.1578745821960346
1.0742771749741433,0.5658689387854609,2.143027181596098,0.7209039339892485,7.122758569628623
0.30953082186943004,0.20363449775726405,3.1836679230803107,1.465820082358156,0.8087126402054052
0.32130360051280366,1.942706634241847,0.9230460657777262,1.8832833324730518,1.798865042653713
1.0619085333238363,0.3073162749349022,1.4353486674333906,4.181101242823688,9.841440888186368
9.744614455830497,1.3907791266762908,0.4546299029156099,0.10200523479512726,0.54463418751806
1.2747966462694544,0.12379226580076419,0.172837135650706,1.269733679607039,0.8991803998245201
1.9839929086515429,6.583681758093576,0.10373554429786111,0.6117917023048762,0.47531197450020946
7.8408972910571935,0.5231528598241365,2.4404844893526767,1.1275252817178838,1.7246152520895321
1.7282637059240598,2.2020686144962065,1.255631645566845,5.532746637653583,2.476769934688293
1.806604581710547,0.7441079497968959,4.414063137780428,1.1198619805219432,0.8230741630304846
0.22696130223728067,1.0600051667531478,1.1557920215910245,0.47593527363924026,5.995048725279497
2.6515667161594125,0.2304483931043597,0.4443768995571998,3.5815183134042643,0.6629891019862159
0.6633875772452327,0.8510014804922161,0.9985582698177792,1.525924340585785,5.362794445763488
4.428559538362193,0.9310320565441874,1.5695491733770488,0.9975763763978129,6.758333115716823
2.5519187139142256,1.0785492603967588,2.771248508829331,0.7101328306967347,2.256485244599117
1.4657681483133307,0.40206362679439717,1.1494737668433321,1.0690669955920489,1.5273394644374008
2.4646652566666924,1.9030154308123468,0.7483284733019807,0.667708805382491,0.46584346646400787
0.5962997815083688,1.7126902116697977,0.6565571065149022,0.7600456334653919,1.5563700554671829
0.4665200446472538,1.0801153140284985,2.0645969319787767,3.1374176047801186,0.13873520476826784
1.1747072353901538,1.4279325031069212,0.9621787911124471,1.6588534906667998,1.7349941511689846
4.7130592243427785,1.1787852868206699,4.27433648370995,0.8082775935336721,1.5585383270791062
0.2727227692071358,3.1322165730323213,0.3342186602818566,1.4159942984825016,0.31742133174425646
4.2460122086844425,4.108961593717957,0.858770795211047,0.6537559727355108,0.5753384109640849
0.9067130380157672,1.966396604217059,2.902496491535942,2.565628095440217,0.8591670418617857
0.5479267235006331,0.906238703100534,0.22673584812268077,0.29859037319880405,0.239733589047461
0.7305480944109525,3.0945087294403653,1.1920578383381784,1.0393369129895158,0.9519730833291244
0.9633597919761991,5.159731410190699,0.8673369143726898,4.287635328717056,0.17455498508795764
0.5665918133022487,2.416515404069962,0.9605147602998125,1.6500727081729938,1.0448070402226954
0.34426985280205286,12.019724510331915,0.7625543003008455,0.4773977396852944,0.5748332414425642
0.6158763978133952,4.333810927078225,0.1445418941190218,0.6368980092788759,0.4395099855895817
1.5821109358187222,0.07202632336169562,0.4516205089594737,0.12736875151661264,4.425908144427227
1.405760757873291,0.5943589445125596,11.034935937044937,1.0430674294036764,0.8589943966376389
0.4400786709264858,1.7547774015623614,2.9316411040363834,0.29342741950453743,1.8592034533955362
0.226788206679444,1.2852007963655263,1.4206865535783473,1.8206249926543967,1.076541932368513
2.382751114695042,2.990817208598361,0.2736332893138649,3.2375039557825023,1.3467846817538476
3.49317222211725,0.33057426740446777,2.8872428536257204,1.7610404854307842,1.2434314457880773
1.4710976931255308,0.6662163037984312,0.37009059335978906,6.300458153399569,4.980975844579896
1.917841516160086,1.919394073746615,1.6563422593601835,0.6487783566153452,0.5042191956382636
1.7438091690528592,1.3933522842710258,0.20688798565350647,0.2276377662458431,0.38247873039220864
0.5047442327177102,1.1624671884733107,2.4179595331043413,0.31527215840255574,1.4079513541399578
0.4554218107078579,0.9385142838128261,0.7047737452455385,0.30584568294407394,4.3104547612906465
1.380003471260727,2.5256405373628654,0.9788115364311073,0.6318445580405454,0.898607845032986
0.36006958475259876,0.2436937134860624,0.4342580517297193,1.7250079207516278,2.0429471894315006
3.913885319766511,0.030964120991260818,0.06567987591345305,0.6544524856177601,1.0401782946715488
1.5609607112324198,0.5825746068372447,4.777320060138361,0.6123570775023139,1.0539370734556706
1.5176934609103487,0.270892215838409,1.7979923972558467,1.0133324250582025,4.660142751194038
8.670740677727935,0.29336434383310606,0.3110485335274435,0.7576544204901956,1.0669026130048342
2.194019961125475,0.34154051316479966,1.5487441579718537,0.7515873696917907,1.5448404919050567
0.4014074278324602,1.3194628927492758,0.48387776856416626,0.8633142836540151,2.9516748690209793
0.7273739636155718,0.5081281831734795,3.0585624025588616,1.444050894130577,0.7633120409802676
1.5955120487778562,3.605783297712934,0.505344489509343,0.7612935592981599,0.11981768850030991
0.5834371892343982,1.3806474304763117,3.435620673755188,2.234148083332389,1.8023282052797656
2.676246404624108,0.3494334336003298,2.1366259323946535,0.5673492581014509,0.2271076293389968
0.15169375251930123,5.8392746111838285,2.308946709634733,0.33442960129864446,0.5501417503131786
0.7644246391106214,5.776649425637234,0.5730271041407021,0.339045321353403,1.042963176621588
0.44513726919947094,1.0959260139705467,0.8992023452419043,0.25228536238241267,0.5842643451096761
1.1443661006972383,18.903040841570142,1.2370107610866392,0.36707297510011383,2.7425789843323316
3.248046710679069,0.4958885311622425,0.22067111373721116,0.905064929882703,2.2728178506813546
2.250420964905205,5.761168641233006,0.47197619198201907,1.5551713680619663,1.419510163383817
1.6183069231790768,1.888250650057481,1.9346418260886007,0.32723150968076553,1.4946203070302055
0.8832214898043041,0.2619315886033166,0.43669565143150096,0.18418870113463903,2.494381900468158
0.5343352295183383,0.6689161252757179,0.9335842794708753,1.6402657318878135,1.2805755093632778
0.7744417386401797,3.244460967418296,5.2568149828257065,0.31832759369577174,2.392344472176159
0.513562372723081,2.8501293933659704,0.6118803254468314,5.938104884425651,1.3735740131595973
1.239459568792482,3.2432101944601213,0.07077905304514137,3.000552940028792,2.636818548072104
0.4286171653560629,0.5169251550778452,0.1513321617547279,1.1963218467692798,1.902498072784574
2.7332073065403906,4.9246632618630075,2.34652955681943,1.184282492159419,1.3427724888624777
0.18619462435267173,0.04932521989824662,0.7183761204990826,0.432628992323238,1.4709758555002157
2.204560825984904,1.9477747502706304,1.1434804228952367,0.49163699248396814,1.299035599259527
1.1806864463928413,0.816313181696677,1.6482681611627694,2.8397277031611274,1.2563238114098088
3.573783686419193,0.574769202935177,5.536486781922255,0.22914912761737827,1.017055401970343
1.9099072868489242,1.0756824939611893,0.5120682934159552,2.543288215220363,3.1328702776790456
0.7195574759804997,0.241732802258859,3.1877929333096677,1.3166523474227168,0.327036845105003
4.217034245906165,1.0152035658966032,0.9137154356711459,1.0244913018398352,1.5193195104897657
1.9955860445251956,0.24661013984761992,0.2836064478582333,0.7731819408801849,0.45760097391247856
1.539601841378232,2.1185075713032178,0.11889085098728248,0.8747385916846745,0.6939200742167737
0.22174691963349827,0.38734862405829257,2.22834789179143,0.08717250106762059,0.33176896265522304
0.3994254449211891,3.349030485079158,2.244529996977936,3.070742813348527,2.3717034076540235
1.3686138816026823,0.6542772166162517,0.5985417207174618,0.928894578692577,3.736730880093746
3.0349728028425753,1.7753036195812624,1.3660632730284756,0.3157005963670594,0.11791292715233898
0.5477904655604635,0.8280485753919471,1.9069921797486487,0.37989596585346586,0.4104142213512281
0.7355784093193695,0.7131698342833325,2.5802691591192515,3.005991022774467,0.8790322670720562
1.022184168414819,0.11574210977948078,0.539984869276139,0.20576722630377725,0.6003307530508869
0.39919561801471143,3.619173520202951,4.487788086685829,2.4534349502107955,0.1986759256247197
0.326415978873326,0.9859550110678906,0.4577974516915462,3.4200982735329357,2.9144884464917897
0.7778622551281194,1.6386932573602546,3.2489923412630146,2.6486383832315865,0.34499873093453615
0.2103279995190068,0.8676116774039412,0.6635859286019298,0.30120203951523844,0.6160116357892638
1.4628859166089234,1.3194140998541437,2.174317180623084,1.3316855444233233,0.8704165514544219
0.4171049530141919,0.6021228033526135,3.1164187597310566,0.2556156921563391,4.558076033179432
4.224785377498288,0.8489629569465297,1.0880323724391283,0.17258973068843736,7.604783122051829
0.0774010321536707,0.3361940034774379,0.24743850106951074,8.454831086286896,2.4616440930207633
0.18462814108115447,1.4110666613876328,1.8152617547426873,0.4694620851526971,2.5967116594128568
1.5390124628581865,0.6721029950328473,0.4232206961378655,1.7928285211848984,10.90779609237492
0.47473146133435995,0.39967641436325496,0.2776465580111141,0.16721597753229445,1.1139450413991516
0.2587609343780571,0.35722668030099397,0.8290334051022774,0.2927856951692443,1.5293731178857257
1.7029114430293757,1.1558440602527433,1.7625333985944613,0.8220530203989674,0.8417439168368551
3.2742134065366035,3.0426538668754404,2.641001935313755,1.062316830619309,0.3864890428488933
2.8726346755957683,1.482539934507004,3.083529341920866,1.2552612232239726,1.5873366618406144
0.30975629282033107,1.6730850882529713,0.23048280792108666,1.9409119122673422,1.628480836023949
6.867153964552218,1.1857905270624938,0.4486987579977941,2.1514805202309444,0.31575741016046316
1.3500054724434778,0.18429222670173662,1.4292937661471181,1.5696561103689675,1.2479503683851223
1.4803794170888978,0.4839167002518939,0.6848871633417019,1.405609387203581,0.7424878263918817
0.8741210729036402,0.39460748449561317,1.4360127742396154,1.7038672367843661,1.024314386333171
0.33994082081554927,4.1759038858739945,3.4272216452643707,5.384239395244134,0.2501558318539218
0.39459558211684076,1.415205571220936,0.3908401156364402,1.2475938621317306,0.1278496132493874
0.5643191267323203,0.5162261748711183,0.40367928724460705,0.3395022409880664,1.1548592445434092
3.4352793991451938,0.4219686215980111,1.1227696976001142,0.8632473234126812,1.028187708433914
0.7205664921942075,0.25666164893784965,1.0955163209168872,0.3223916052794203,5.641213685856168
0.640280407478414,0.4789105621605596,0.22635779293456992,5.668214397692074,3.043197201316127
1.2418276209207733,0.5917510024317248,2.0230151721540426,1.8199073330729967,1.2443098986520749
1.5185491454827604,1.34109281226212,1.6341308094335667,1.4474003150661992,0.7960228108184079
2.3158526284687775,1.190381778200654,1.439330983843682,0.39267571934803114,2.3849230102196266
0.3201536478154756,0.910456970111582,1.088493342385673,1.9220255291884043,0.7395215412966981
1.368590270277022,4.129135086949249,0.25503427615396834,0.8037787429202926,0.723719180767565
9.389889056762046,0.8847866204349603,2.140852173144674,1.0604132592752178,1.0638360241600187
1.2108827733702097,0.9479449563009766,1.5753952616111317,0.3256227278315416,0.3193222901850771
0.44817132986458935,3.233944621344068,1.958905016491857,3.206175367923603,0.5961610330833791
0.8372542146022917,0.877880922721383,1.3658484774006978,0.3363607547126766,1.3482532238708274
1.2547360620315022,4.177704934416454,0.7715574619344923,0.48842035134085116,1.0333615362877373
0.501668944151236,5.363405117526948,0.28200512537016165,0.11998717142119321,0.7836650876759883
1.6826506951251923,0.7998996188917594,0.6576744220122056,0.2506523572829765,0.7568595974021162
0.20532864189164937,6.056238432773829,0.5043749809728513,3.318136049555788,1.012636290607921
3.4657814184286013,1.123660144819217,0.6070916565417303,3.499137223237966,4.475493310468461
1.794180278535497,0.4822210442849682,3.9520449447395327,0.9517734905364826,1.2425573288569356
1.417799815116796,0.7464473122972635,1.2328579160883253,2.558029079316911,1.0001549855316791
1.1595755236829302,0.41030977667861396,1.4854733843751753,0.2873915669927027,0.21529388659319001
2.6364637702481235,0.6973223045874082,1.645819636570002,2.8626573036690868,0.31240985034954494
0.6040268819855995,14.785622276646073,1.155886836350888,0.49474444117155864,0.20194906676862023
2.159999016711204,0.298686540201558,0.582238472147417,1.7302900416971074,1.329829931041379
3.7575334854424294,1.5967347370658942,1.7454790477536648,2.8041407471135615,1.9199930425779603
0.08029526311216714,1.3971926102009256,0.7587275872345134,0.9911841822470134,1.6404840419721123
1.0383902395303564,0.6789455128947224,1.0411480152852872,1.4483210163948181,1.0304839215753534
0.2541473291499622,0.5785816580071456,1.2031423625915945,2.206818456225693,3.6598212324991226
0.9993649931867852,1.0919041197211734,0.43842168437088,0.5380334136640554,0.8389131232584767
0.5080672794122378,0.32364660437573445,0.4286836071764539,0.4263560485475525,0.17727950228498363
0.9801038002338534,5.6541627091295545,0.452584728632686,0.533196825615997,0.5251638074886055
3.424535298486924,0.24466288863329427,0.574804650254445,5.139669235319792,0.821478092809927
0.7106581850420586,0.397507942372257,0.3592297742462421,0.9435579967988883,0.5608775439667051
3.7219067168253632,1.228573096582062,0.9987500339592581,1.1814542689344016,2.69010157631424
3.1816131329687054,1.0195299040552133,1.2480700895928178,1.2639617540277093,0.7426424434801733
0.43602373371427433,3.857949393641727,1.5248675257854212,1.761623436470228,1.2064833834753184
1.0623935682972658,0.29306315765323343,4.276449320431473,0.8751253018658754,0.6735347643360119
0.4234798611953202,1.7595402056244096,2.8909708027589587,1.0715619032088914,0.8251690225233899
0.5846436679985029,3.8694630308838196,1.1818196588248076,1.3283614278254565,1.0345304283609864
2.8261519654768947,1.8288053522361205,2.739662362790797,2.4088706050564204,0.6133218758144097
0.849265719030192,2.9797193312938295,0.8802401669477387,1.2067530439762226,3.6318190570381677
0.9533398907208716,0.2812707524722646,1.2258132167571791,0.279837545085047,1.4741171029453337
0.29621314554058026,1.7228195213846258,0.37568227623901884,0.7680340365142535,2.407335411322732
0.9655863401382145,0.6198242373165832,4.4062419253053795,1.755427634318436,0.8459393566158323
0.491714692932208,1.4985837410837768,0.1832677715918328,0.7147292863841492,1.6111301610984117
0.820574528622937,0.4382711180749027,3.232246514127589,0.41779582777311086,1.079013397894739
0.18755645594134507,8.272812116020175,4.271341734264554,0.7530000235828717,0.6058065173763221
0.4100417570569919,1.9623570612229864,2.420635980651563,0.3990145228547802,1.5732382353432064
3.7529684962123,3.754182090592752,2.1840706437618103,0.6599529495410074,0.4704072540048273
6.352570930601967,1.1381413111855943,0.6621953310832197,0.6397792688338203,1.2774821831706762
1.5314025974946381,0.8992945993630784,1.8579854608406443,2.3586260132504204,1.9577314996435364
0.16212099162409566,1.7798811290278722,2.9731216814277692,2.022006111560277,0.1261188324195558
1.3230405471753115,0.3373856312963381,1.8930781646348713,6.020667111505801,5.515517783032073
0.26292138654457686,0.43646591638319027,0.9656314463939918,2.285713341940518,0.09008763937524657
7.8279018862874565,0.1877639011984321,2.6888154651965412,0.38106161018406837,0.8040744024882782
1.4725750382145624,1.0781909248301755,0.41224363264821223,4.916252052122519,0.5900306587112355
0.7450870673044109,1.8698771256861375,1.6309339725874195,4.242696354155092,0.5372067690179462
1.3915737895106413,0.7081254958461397,0.7165000855158824,3.947135874741862,0.17784718861228027
0.9466698072765399,0.5887918685601482,1.145374980051453,2.2430217797693337,11.297923184007464
0.8900770070356154,0.2035632275292417,0.8198144433877974,0.9889176857738636,0.0719841433161751
2.796598563087478,1.0112031931971972,0.5642419900758107,1.8734120013250293,0.6502719265659714
0.46621343390995323,1.1092500857280987,2.085702684107724,0.8888677355208561,2.2404982960340676
1.1330378065498832,0.2866619309127983,0.5520911800943629,2.5964984946173195,0.5453649844127619
0.3779289513052015,1.8764136783620056,1.0451784417728338,1.6160471428810095,4.1542205679139705
1.1345512881594475,5.947069479845625,0.9781193941739631,0.2773594196758289,2.6626941541452935
1.3397104131861628,0.8828400232891243,1.0132900902457027,1.2693881756073826,2.2592344460078664
0.3943834286376651,1.6728701941633304,1.035468947819258,1.0901030002811571,0.31783720774257856
0.2689110026095481,0.5704160211894306,0.3907466252472299,1.4316595300374144,3.0202891398497425
0.7609168647694078,2.8350038171422236,2.941029360670316,0.6180800948734713,6.169636774622577
0.6159532441607715,3.4783908187808197,0.8185075354158371,0.27105637703266805,0.9054934984461978
4.412936937475642,0.6046882324209507,3.422144575139489,8.847100411148837,2.4692671759886546
0.8070080866779421,2.0762655393491043,1.7388819403634148,0.3073752888426534,0.8830048302114218
1.3946830594092772,0.41791022015881474,0.716769776821428,5.520887466544355,1.8176025119672374
0.27548434742067884,1.9880882402343913,0.38229214520194416,10.567434315385789,2.2380399163739773
0.5247422777376539,0.46036756495263403,0.5690947046287774,17.176059258051023,0.11845313712682118
0.09727740463626436,0.09797609387070515,2.964721414942992,3.2653442441986176,1.581167857157997
0.8629942093119816,9.905369727075271,0.5748588454346457,0.3475437857349617,1.0895496459431724
0.388925720391909,2.223631485364238,2.5131097855915243,0.1874674711044933,0.1566254279531181
0.5198658991282089,0.651188812058583,0.3733471745530696,0.8340780298493196,0.4444525420079025
0.8197745553464965,0.7451981228672325,0.25852947166733536,7.684854177981034,0.4583342423394002
0.5169826740871675,0.22251856482922472,0.755505951101586,1.4304815862356515,1.0217249555000874
5.110857385848096,1.7412562185489147,0.7998996564767806,4.907639780691284,0.40131479181512464
0.8765613334798761,1.0702078321617001,0.38619897217935534,3.1711283548994285,0.8432339987860431
3.2053642397457516,0.7922344737370209,2.8491526429037877,1.6455850927583928,0.24872842333417958
0.6777805566379626,1.7902182600454732,0.16349618634386154,0.4428924720141392,8.146904076364907
1.9779143043031548,0.7032122971789878,0.2463241868078396,0.5300344093481613,6.3461723513863495
0.9964123877222436,2.6321408444016767,0.08367593949079884,4.210551098947057,0.3742372717304719
0.9524964828229545,0.5374868137120361,0.26875171952024024,1.2777417741664183,0.7082656294448958
1.8628270845017723,12.024354245340072,5.1310235991200805,0.14035100264538616,6.657990279259514
1.8633161742740918,0.051419681581855975,0.7302651201902526,3.3941683928838375,0.7889205669574542
1.714429405083699,0.5436480385715844,0.9546120698000802,4.240592726480469,1.1212352649557928
1.0276999520220538,0.19298980234234556,0.8875235893487283,2.344039144506751,0.37417183692479733
0.6323592264872888,1.817184422503454,1.7581631948965302,1.0110541162171207,0.9325083588768879
2.293029803011497,0.5409109980305862,1.5615935404609769,3.1027343031335644,0.4091376019819493
1.2410332119261445,1.5173183282231884,0.6007506379976534,10.848530277568656,1.8385398635699541
0.4065427430784004,0.879417595570209,0.5816205420329412,0.5180310087517221,0.7506658307781201
0.47643059050379094,1.0161399088369858,2.4582989383022045,0.752072251400511,0.26927748963221787
0.3822526310675744,2.9381864376607596,0.26063247354675184,0.9511558530599485,1.0113217600163058
0.6644648218206067,1.721780046089392,0.4109436266147634,1.0877079587521836,0.31835094631183153
2.0625248759178008,0.7647430974895955,0.6792069571107828,7.303519440737704,2.0222363432191663
4.857147595157237,0.7706292636715026,0.4063691100909749,2.0165410237700394,0.29703407256961095
0.3100603710383146,0.3529689261881963,3.1770607725350195,0.37959906477248584,0.3227612079691556
0.8283209828611358,0.7231554362256728,0.5596560677310538,1.9800992771443582,0.6006490074182991
1.079939873239123,1.100078748701611,0.18369074072897357,0.8405444710480291,1.8243450117791866
0.5962658134054428,1.2653762953678196,5.769533940969579,0.6472699885480935,1.3029206592069134
0.5877135578155729,0.7411562820146629,0.5654544392964306,3.722093709881749,0.8504850773950625
1.067600004761739,0.8013409481953094,0.5515417314569719,1.039425066686145,0.6196776748172835
0.28655803252515344,0.510620680538536,3.1087456129420583,0.8288807521354905,0.05914703868803604
0.6996223611989459,0.2891520191430266,1.5954172872174004,1.946644283445441,2.0961217906760017
1.224505653095861,0.7086358187238158,3.1891920680650516,2.3268139105819925,2.5137242756638596
0.9996000906734832,0.05629522813807016,2.0246353550623386,0.3524933503250439,5.701456363824868
0.18646719214875648,1.9007526064095337,0.4001271766808951,0.9578318079793305,1.0357954202650077
0.43453149313019335,1.9500032985918856,4.9230221142956205,2.977652808996179,0.14300687464940304
2.0431058444950785,3.3309662127817385,0.24247631791766747,2.405144471561025,0.17245779403747408
1.452996376487721,1.3207327720477875,1.0560950933995559,1.6082279271575302,0.8177785287361014
0.3252093446035195,0.38770780341711786,1.5750662669799567,0.916544375458694,8.592388966310333
1.3535202768626773,0.921990293805526,0.8302251452166031,0.9095827352295303,4.697635086384603
1.390900415867625,8.522360829336678,2.5555201979842503,2.2084830618428954,0.951088738347966
1.4472827649737627,0.20593616714512064,0.7140807041978057,0.3458335660577546,1.5518498783364587
0.5966239057995418,1.1478759428973764,0.24026820313086983,0.4162336658294964,4.76956898589426
4.497700129162868,1.8676509142808886,0.7701227329982172,0.6830978811460453,1.7676475420205808
3.7946532653642526,2.694965637883396,1.3176298937713784,3.121516883079592,0.6705481093580614
1.408602564356887,1.700448452930156,1.6676357531389472,3.3523653847860793,2.1365363930960295
1.8892200270503514,1.404519708743335,4.209256346415386,0.9587988642529924,1.177925299684587
0.2279296610067017,1.1959964460644017,0.3218466668994837,0.651831801983496,1.266481541959627
1.0924791570726191,0.32109532202990526,1.6750464824327904,7.582605007913443,3.727099939214608
1.9041131223826366,0.36530395010392974,0.5374177207676489,0.3585176974086517,0.9587244934684643
1.6933496044501644,3.3220130582499743,0.13971826693974093,0.8766573602211887,1.0701363012662253
3.3381074257256924,1.859586321847463,0.4218448981613178,0.2001668176268606,2.272248553973376
0.7948265661850573,0.7157652128789774,1.2422214750470315,0.386534778747891,0.187086747943539
1.6345643786424824,0.5957593214049293,3.4882334488377142,1.0437963484379467,0.5168197921462856
6.647849986040651,0.7229345440378417,0.12882878781111545,0.4002116154192266,0.3666729416060996
1.1585841122108522,1.429955982105225,0.2791364603999797,0.38791019354609396,1.1387768678089258
3.216321763533422,2.5024990611203255,0.9463495367965808,2.4581715219499514,4.057677130929288
0.9360502379342069,1.8374000492536646,2.4471671057445916,0.2849824668787147,0.9313580586144804
1.173240457970733,0.5563754724721007,3.639926593189413,2.1362129216501513,0.4269883157309284
0.2959994226596174,0.4295042626847932,0.5400430271990357,0.4790935969657349,2.220300740211922
1.615544834998197,0.2165912575652383,1.7242895366732522,1.8230378869038395,5.6134712906671025
0.3809658052327997,0.593505610883881,0.22953415847886913,0.7967889024861808,0.9103261979967655
3.627655136303486,1.9150157905330356,0.421730216390926,2.1974468070889333,0.36375531174217496
0.13142841471038366,2.338951250832748,2.6870039478634182,2.487416162070079,2.0951388560054807
1.7895216391476494,1.8586422270583434,1.7738888919210183,1.9632983620582736,2.895335032104349
0.20566289520003878,0.15659360162745906,0.45287080875226227,1.2753622387442574,0.28767736980493597
0.5502352197530918,0.5401252743758398,2.0006676519561046,0.08284500675525633,1.8959516682311668
1.5835590455872146,6.133768523240937,0.9700020373178954,0.6908449024483049,4.529873473235938
6.460164427976722,0.7692755732693699,0.9274697388057762,0.6499481071282491,1.3974301709447612
4.279722461874186,2.2074221290330587,1.2193266112247136,1.0520636127929563,2.2579875732840136
0.7121911066031434,0.30970015218485003,1.5765851887248654,9.855481116826759,1.4897272320140875
0.2066117465795451,0.2859094049200844,0.30402369663849915,2.6797333536603527,0.3583734593538727
2.352218532748571,0.6941760511747139,1.9581546456698657,1.8783323868436288,2.328575234086175
1.6123081842805866,0.41609678376525455,5.241550037143757,0.3457978775185348,1.4167620892087682
5.365052399554934,0.3805795551631093,1.5260605675227854,0.902694659479162,2.121547779668371
0.8150677559982992,1.3386233003535473,0.10484186688058648,0.28283159967412663,0.9940695199351429
0.8934846367389048,2.6865178722858634,0.878359903519628,1.484259718003191,0.36681984241150156
1.3652586943137954,0.453962646516344,1.9014242318443113,0.4961947723871628,0.34497043268959904
0.22171760011145775,0.23213450872861302,1.50993637468336,0.1237204991483359,0.8694240016396741
2.33058103644423,0.23393912706060987,0.7795234926358113,2.716272103303388,1.0624787257216335
1.1709278011793163,1.3201588862431963,3.0863863690536264,0.23149812730308086,1.4958268599121332
2.299706546882251,0.7534665154210454,0.8543376807519638,2.8015884752847167,1.4260618158933176
1.5007319532085086,1.2931116049165239,2.9138536610990924,0.12297803746173971,2.285256788245031
1.1843398906836626,1.96153707723457,3.5746312816540584,2.4665322349756367,4.5005256653656955
3.0995775437652178,0.5745215711237437,0.5740914250215522,2.7665078498330926,1.9495487867866015
1.298015565511498,1.026111397677019,1.0795887762978609,1.1444076375677188,0.48800811621018675
0.579330826934628,0.9979998398763267,0.7045014314197711,0.4399170421182242,0.6028062893085938
4.228997807013316,1.0898365479502836,0.6839374057116113,1.9137132357530362,0.8610648728774809
0.9343478999499614,2.2831846816554604,0.24238449548554014,1.5756896124444886,1.26234190123348
2.1304286443517286,3.088789686908688,0.6010923372291169,1.7202798218477386,0.2474526079593501
0.5310580150117495,0.40493273861149304,0.24475403109395397,0.09829234041981355,0.5224694563721084
3.3380257687187664,2.0282291074096412,0.8976062417722387,0.27557769963006734,0.41965564252129145
1.435031788357019,0.30636369880326164,1.0442786864525844,1.7130551717889944,1.137005561228214
0.9323937145501238,0.10340816604885336,0.5477267932447769,1.4053624648531462,0.5561934103661164
1.425595807660333,0.8394022687479039,0.6422746828357548,1.1232552430391345,1.002872258516606
0.4704339779800182,1.3885212123265462,4.951730435581803,3.574906768400793,1.6967424348349824
0.15062630882332761,0.5418572503367007,0.4056982306097292,0.6228305083209348,0.6453202354041234
0.14038122554897847,0.8165206746254967,7.841842972117182,1.7205427564730666,2.5280873860754753
0.41710820352572836,0.8311132512456894,1.7708014735803879,0.250934916066963,0.060129805195994715
2.1474213043812234,0.34960518595767415,1.4266031118545628,1.1236245572657415,0.503395348388267
1.037561865411559,0.9990059596426376,0.10677708029873903,0.48243771904251825,1.0426333856909422
0.47220574195856174,0.7713378828642967,1.6728078078935693,1.1622443912833702,1.513760236306894
0.5467797984535445,1.0617639297265198,0.027777666084518652,1.2858664779362314,1.3463002520343608
0.2716677443836188,0.9726257762460182,2.7706128262768344,1.3493028649795478,0.6675932468533445
0.12004397965613149,1.9126270729386439,0.7484925369042932,0.759139658207715,9.067505293329315
1.1310130895534312,3.651139516594183,0.9548596758586041,1.4906846966541663,1.7871412601213368
0.9639061381697445,0.6177806676147555,0.661717436146704,1.1330585385492415,0.8038789724412782
0.5760444854115426,0.8575079169471823,2.2542519208913423,0.31153280387102805,1.4298527767815352
2.3385624374315954,1.7171391467269717,1.0162748335757674,0.130816479343972,2.024791673278983
1.5021310144775502,0.9131576122474253,3.4950236907083183,7.243045645520982,2.952302801824325
3.4046597935054606,0.7409599423036306,0.9368703629672522,0.27376863611559366,2.5383797615484087
0.6414550939038937,3.634400432524125,1.5536050968942776,1.7526195068467298,1.1965223071847018
1.033350814902292,1.6040328549796334,1.5522524378188758,0.9642834212525457,0.9789489436675843
0.9929277781591852,0.598653461586097,0.2705404176230916,0.19698429963408395,1.2989954771911094
0.26037403174009055,2.4198171757149693,0.5228464203508902,1.8513104045177977,0.37505385188243184
0.10503761262916966,0.7289019907979281,0.7743668094621449,0.46243762430036234,1.313892974710571
5.850867525989075,2.6071139149034517,1.6227328956417646,0.5823580751195355,1.266239159149883
1.47078587616471,0.490526621270227,1.2908247542238585,0.8390412741899301,0.9882877098288293
2.6781402265201675,0.7930748601698404,0.8319691586757272,0.37411433620543366,2.330354928753469
1.9276353821184327,0.29653795009026185,0.3343561380261478,1.0218558191380904,0.1960168381924083
0.9578497565358817,1.952204787117395,1.9020964314787308,0.6581428014125209,2.7137294427630896
2.0118631446432462,0.5715609641209346,1.4939011866995155,1.3429478675783673,1.4683215101967668
0.9935985134228587,0.5456550974401667,4.9304762010571155,0.5310476397438774,2.7399844387040395
0.995155654315192,1.2306444118972382,0.4951983793089388,0.40248112112150747,4.522050446031096
0.17074623252897675,2.4610661929655824,0.7643496036567411,3.1691716329461395,0.20569665865519574
0.3146588720141127,0.6114312049264781,1.3653639851007107,3.5464533105096456,0.25779885779874867
1.501226538788699,0.710596602985966,2.000635486758977,0.2518349142689995,2.5173547114606825
0.6815385425151504,1.146569655085254,0.8207065624286537,0.4740477717123557,2.300267619767923
0.4518634313394788,2.8672280655809947,0.6969699398149369,0.6348122147784294,0.4116794756137984
2.0946317355402546,0.9422628273663106,0.8067353751612666,1.710123223313614,1.1382232816729145
1.2011373205015399,1.495823467984017,1.2915450302162113,0.547263885152582,0.5765321776374374
1.1798720900564423,6.801480398980624,0.27559967865529134,0.4609578367255411,2.4156194353162848
0.0609676669722401,0.4056099718294486,5.388743377219465,0.8206189869382644,0.3834096847647003
2.02213047521768,0.8119603609318231,0.3101686680871375,0.9409106566521279,7.055117889429836
0.06431242937604434,0.4512415334138136,1.2273496954933882,0.34442647606349924,0.31027475702716967
1.2846087838272873,2.010501047368362,0.8330833247982253,5.350550029990366,1.4898221018695057
1.06106833763703,4.680251790201185,1.1069217407992067,0.7534241580077428,1.4840688723054005
0.1745082044458172,1.2892908930658726,0.5184479516906338,0.07149451657101975,0.9918427902174095
1.574291352988861,0.21510854054855563,0.7428473372535112,0.46336168762792396,2.394720213461487
1.5688914966458956,0.427153881587151,2.950519568088251,0.2108877352905243,1.0313736190522516
8.289907653230122,0.622192053724272,2.438703224462121,1.6136645828120648,0.38023633017141106
14.492188554841091,1.1061835682651733,0.6410559051371957,0.4463462605111127,0.15483527879174339
1.894314820254555,3.4357173356501916,1.1262549552335546,1.7211716179188914,0.8995225606144317
2.8964026120942674,1.2893988468932673,1.0600353467150334,1.1278428983970818,0.49532600587419623
1.4510497361164358,3.7380758047000424,0.7159924851523193,0.8111790185167432,0.8606556919962688
1.6484336412902951,1.08611783234131,1.9546874648966235,0.5539485031289897,0.3356373043015806
3.978149497806125,3.385246097686628,0.8039155490000267,1.2140526680373274,2.9047337794119366
0.8376173578639425,1.2601112024129488,0.7440017075677191,2.604277442601584,1.1542210028387323
1.2242373612727602,2.896914881264028,0.4739449003005676,4.445742275533346,0.4386420128101965
1.205485524134011,0.28598776804359194,0.06296029940403976,0.4589578879265812,1.0891103250939693
4.9373654229104815,2.0011982503512318,1.1720127499616226,0.5388843589023722,0.6962361216821461
2.0150617988484654,0.8392989268380849,0.1484252939068444,1.181354704301654,1.14269936722647
4.928930367291435,0.8719011913143837,0.15063899784051246,1.7124270771451573,0.5543702316125753
1.7054942065876972,2.9703489970250176,0.3323016546085481,5.812653824565613,1.9878178354279898
0.2472345784317386,0.2779202965888233,3.304473719526279,3.149799053521393,0.5147484958652788
1.1311209400813849,1.0438936488373607,0.2089889988755689,0.9769100942651797,0.8084706207329021
2.2743429057699727,0.9710034638107771,2.3363336025787786,0.4165501548927763,4.477125597475097
0.9152095156721234,0.3501030882406936,0.416501045301738,6.405238588551802,1.8968295086559517
0.5666753772938699,0.5233669484595376,0.9696962173658391,0.2531288825914934,0.5819737665684116
2.956351246071824,0.16486356427128424,5.15727947021542,0.9473243834046413,1.9325455331542247
0.20693542565461318,0.4145643706719387,0.6791582822935407,1.808814717363553,1.5185386598370916
0.32196717596845764,0.3049809699947955,0.8209142784822571,2.265934711406993,4.259099004298933
0.9495334953248451,0.1598183854309943,5.1382704767537435,0.19637619422259886,1.2288659930067523
4.768743003488047,0.9304000411689776,2.0846019448574857,0.10932972646242262,0.4852553568619967
1.0018745336231953,4.564050783883226,1.7219682098913318,1.8958175803822868,2.8602499305379823
0.5526275716016317,2.068623022523811,3.1568203093052847,1.7277005576201716,0.20321951450713321
1.0031079648065042,0.5181603246024997,1.0081207789433801,1.6082905514068107,0.9932461031742251
2.698812256399001,0.3609565194093403,0.6232911957029498,0.40127807685934935,1.9576426435597736
0.9399875028846107,0.540747988559279,0.29327248426428915,1.4577175858360776,0.1962157872194922
3.187781656929111,0.648555483439004,3.4037188612734437,1.035371061257986,1.921878157026351
0.5248184976131719,1.5608422839659113,0.892345364882744,0.22029479256332027,0.6294671421946348
0.9211836300869499,1.2389205629015823,0.22689842300972868,1.1286061322593126,1.2170659637636718
2.8679815564668707,0.6700722422586225,6.496451750367819,0.6572824531095587,0.3581189317539667
0.4995582144594946,1.8525797281214684,1.16786088785125,5.267023188600116,1.3097939817828974
0.4146637725621671,0.9401842692568751,0.5388621646632616,1.0863593084799683,1.949894949273966
3.8111072190305055,0.44149298766544626,0.11483756389832707,2.2317023216251526,0.8410833622420463
1.2802815701163004,3.701323720564156,3.617460940459845,1.43358163492936,2.1765779424219542
0.44025241705892343,0.26397200433170426,1.1121386849121049,0.5900086464627792,0.7839019952035559
1.4909614905814406,5.401747482379647,1.2373868416213498,4.242506302225838,0.9802970483256409
0.4701100351891716,2.059113538621695,0.45225273144744255,0.4139965195647571,7.045216269215564
1.6430007256663366,0.9995415991373199,0.8409706822512587,1.378794972002986,0.2408875099095902
1.4768288712126598,0.7794860030600053,0.843889288750448,0.16271263799317776,0.5589746387816447
20.641528653530926,0.6991666055613852,0.3502795510776018,1.7810251979100051,0.6552163301495477
2.6224133309032296,3.0944153710179414,0.5129575378683784,4.538938542720027,4.656206891917052
1.6678551944399982,1.829819992105748,3.9032113735219776,4.8772094828698185,1.0903700550353175
4.373831431902721,0.32715729745733435,0.7437884984504488,1.2584729277438806,0.6398352371100496
2.5083629549030264,5.355152051191839,0.6196955748642182,2.7386831972834638,0.47480756264367524
2.1413312170524814,2.692017212754142,0.13202766147041017,1.4323799645797541,0.958480046869186
1.4675565600530454,0.7418680300790617,0.3248712210243268,0.8208976201690488,0.26784655019808473
2.2867782585763057,0.6690339718144176,2.6139853385810023,0.19670181581761018,0.9049771475993298
5.261951997695138,1.2335973244137486,3.3236601004955997,1.0290356979622661,3.672318918515523
0.3700910369811088,1.671668784647818,2.4925205689950274,5.667011116461915,0.8672909756884977
5.844170703005808,3.0058167005877463,0.48749102397066807,1.5532988009031572,0.18695020042605026
0.9491874818503367,0.9101137156000292,3.4511239306511894,1.1802009843566925,0.8080803199337406
0.8608556890971801,0.3284914581525649,1.4975035821369147,0.9997723251128979,0.3706778551635284
2.1365380308675874,0.682422229147762,3.5416314317812243,2.173059408947266,1.1275448751370705
2.3729237671406307,1.5032437703426684,4.395034406381667,2.7921666019578724,2.142502313196936
1.2492891945233195,1.5089401343965108,0.18288164839727228,0.1757452907127911,0.6513426375810648
2.057539331041602,0.37066295035060964,0.9115553770676937,0.23897388709327533,0.35288462888843714
1.3205260598345925,10.574675083547417,2.8071809946604267,0.2378729481839313,2.139794641852042
3.486550872872579,0.8861519887865015,0.8090354190396261,0.6666159341112048,1.4826107546779905
2.687239890918504,2.7054439788066396,0.36715902748050977,0.657629891934982,0.8296530265059271
0.5347169511233212,1.2257396216311505,0.2776663435659805,0.8195515439029089,0.46778106493991856
1.0868687584721028,0.12333537081016152,0.5578856638398373,0.7788157610745601,2.672598393474225
0.32396077097431025,0.500574446192412,0.8760440853645357,0.38897831546520845,0.3683401305115033
0.3458663628305865,2.5541662278571886,0.7542058363753519,0.18130577247346888,0.3316353145912227
2.628794110846442,1.7840353652988592,0.3789130469562027,0.6257335719364254,3.697078970396033
1.8649061178255748,1.5072800870505956,0.12010897037075906,1.7906091843337155,0.0955487603088725
0.49531983065858665,2.8438371308631694,0.15386438752215875,0.6975717330152358,0.43256167652594585
0.6477525602643872,1.1429305214412324,0.961196732506624,0.5652429656560587,0.4379789654592469
1.917362844932571,0.32209211650698344,1.515878657960608,1.5383146932519136,1.213688261048694
0.2182797374525934,0.8705000602918339,11.01795665252737,3.14491997865544,4.152198532779939
0.6124799069710054,1.386100722069143,9.489766145171538,0.49253137042491724,0.33651837513617106
2.1168234327153765,1.013739689230398,0.3773832036658314,0.9183980995627316,1.0783644792062803
1.064891145707417,0.046288799287554375,0.29828698389861064,1.1539629688594413,0.2866485180277454
1.1326838438610929,2.375684605256106,0.3413237375167399,10.798113144987472,0.8375983591015806
0.88491068012526,0.5400279145178338,7.221046017526011,0.988490433744501,0.386251827738438
0.541748636364751,0.2622703643054171,0.4493757607125417,3.6213118226568253,0.8080411625431381
2.967758984304186,1.1759138799989426,2.1681545476245785,0.47964174400064347,15.545297353065868
0.37269977922725256,2.2589165763786916,5.094999054935616,0.5329466099562992,1.2485007558860706
4.228451502541237,0.861792263129773,0.7776786936339432,0.3627243655623232,1.8157330874195274
1.527869879607626,0.23604663068756587,2.336886621218517,2.9411399149589226,0.8185120787894947
1.2472961567756016,1.3283029407503406,0.8874317052195382,2.0459192024052317,2.701826523577044
2.7700859267672646,0.47807458923792323,1.4132309259967486,0.7176351272049012,1.621838613586881
1.2422952637721771,0.8310343138371727,2.13490808685434,0.9607932880498268,0.4918843841891422
1.256997400722836,1.2842029138752853,0.2038014176025451,2.8049480012386274,3.3979312107507185
1.194714583133511,0.4458263531154778,0.3253611027228498,0.7682927322781844,1.1122426862733858
3.8413338638913634,1.3677607810680195,12.254771616020912,0.3173458573274194,3.9696582540010668
2.2771565319524054,0.574552483751235,3.800485997088675,0.3064225735405244,1.7110942835974832
1.0006539000343406,0.6687682960507471,4.293654435646384,0.48911980686431095,1.5401162610995227
0.9083254434272523,0.38504357896302666,1.3911961280210214,0.4371322119467574,1.4408682952157208
0.11292515496106667,0.28228221575278556,0.6857369634145059,0.33659184650164486,0.5699015943587827
0.10975311623045152,0.23322219860480145,0.801019220207697,4.075321646987563,3.9268778660434953
1.6633438410165928,1.6515276155252663,0.7452165614754087,1.3528136079040658,1.1630736782435043
3.2204271375313147,0.5326205720951256,0.1914249129104588,0.8328126081973044,0.38700303836618843
1.253010612414031,3.724898538697338,0.42739285454198883,1.389359843576262,1.0525288465942526
0.7818040837465438,0.22587336936987132,0.9782642135810343,2.6641449479178507,0.47317971425934696
2.984023669763532,0.6275877762255749,5.718756779477489,0.989476002864101,1.91311925411581
1.1474717956023162,0.9852809585694637,0.7846360601815492,6.529471829629892,1.6064126935577887
0.5661800698816243,1.2450943898107205,1.2982799635082187,2.380753511083932,0.18686263366336514
0.3029348898117429,0.32465017512851757,3.8136352084148784,0.5333036166086162,0.6066461664048488
1.5366505854291563,0.9013158415807043,0.7287510372259801,1.9918241684287774,2.0478355783934687
2.3572112083107624,2.5947358745772795,5.1232718629653204,0.767621387669545,1.4179924245098843
0.3490427698421986,1.3705930401471818,1.4027119664897303,0.34141963250750323,9.306588267223745
0.24079893207668224,2.9753404251660776,2.0201916388673684,1.0102206577559485,2.188531885202035
0.3108735042922831,0.5400225058710265,6.647110847323072,0.3016928436075096,0.5679885809537015
0.5838894892417555,0.4983015118681643,0.39046348463718117,1.6737645364641,3.451775984419249
1.536510298148292,4.303988850223585,2.5735986336568626,1.0088756668599281,0.7231674186150637
0.36873687767345514,0.6302533499416947,0.2419990774628845,0.23919422461389744,2.088432043563219
0.606460273829987,2.847697839147166,0.6870559718642866,1.208815744027255,1.58727590136181
5.890123370497025,0.6515194565058402,0.34268443061313997,2.8191325191286984,0.6923208100860883
1.104625565085084,2.025197763928847,6.836905030308446,0.7750657176162744,18.25918694716908
0.5823002136213805,3.573753657000653,0.36872715484462193,2.0741359207074037,3.981689287619282
0.7667429533940512,1.615082963884217,0.2177236077640234,1.7295677071876165,0.6608369416955769
4.980348769979271,7.1103025117033125,0.2639266287985845,0.4634331429729887,0.7347550318251975
0.7926985790725697,1.2428645964519154,1.1458961620488546,1.2105638730283854,0.23478204473992098
4.091296255949509,0.1804638391042888,2.2442680852106447,1.0279938148816419,1.9377663344345961
1.6148504152432361,1.6789188791345206,3.2431804449034,2.7932876322041413,0.4752957906407517
0.2787103621216266,0.7026522934537206,2.1666557680939897,0.23103370581368463,2.6895135810991824
1.4449845704501398,2.72112430012451,1.3811831221320774,2.854161097328611,2.5955745697061574
2.487817417336078,2.137294161606315,3.2394412620595436,0.4603859096656727,4.5937865723293765
2.8392893623579614,4.713144762351213,0.20041803535848618,0.2913661804594924,1.4407859159442211
0.9624442040623492,0.2207851677074926,3.6647122355261574,1.7851389085715281,0.685837882447383
0.8701491369694206,0.12671762693939526,1.2171483974653432,0.38341781080400933,0.2520722207144104
3.1277450654147003,0.273158424997034,1.163558571145084,0.22403906451453384,1.0232073604483751
4.7607623036643325,1.065745486667926,13.307415652109157,1.076119004226655,1.159386417835405
0.16612659180615136,2.2452399621559382,0.2784073836244159,0.840497599976741,2.279773092476083
0.8768593097395482,0.7994595288506355,0.4120508196416134,1.4638673840972642,0.35270652542829223
0.5655609777558877,0.09635569933158444,1.2959538334881016,0.5660410754909325,0.5443027950274367
3.287293472863575,5.055928257603775,4.145329225219938,0.5442931271882813,4.638539093422167
0.3465673943070128,0.5122534595698438,8.132432238740954,1.3939795505415347,2.5708940029507725
1.4834775904912476,1.519586589379187,0.8605420530178619,0.3946368985395173,0.38011920310385156
13.898625412492963,1.469714653131914,0.7392987760075601,17.586744465022008,3.368385351098257
0.470456482894168,0.4009399014082049,1.766006864805795,1.341614882028751,0.5157850000205478
1.9234554282880951,2.6791340557571677,0.6897914913963337,0.5567923046197081,1.8536323428845272
0.20633621008347555,1.4800347074551596,3.573808785916397,2.3181211436470486,5.2412381979688325
0.3484748903984197,0.2145937563367662,0.6560942297853954,0.9192774783144778,3.6776581275833626
0.3742873748487372,1.4742568718005256,2.685024484050774,0.40145962165322663,3.8886193974369103
0.32109199668379657,0.4535613425612366,1.6936772111530907,0.9822241875874942,0.5748882257071677
1.2345522195042005,0.9990665110344625,2.71004300800372,5.313391791685143,1.7429522846956806
1.7866005215321799,0.5047747352060977,1.0304893858654995,0.5493248483218405,2.531489940826805
1.208595499105479,0.6506223470569811,0.4462401175857447,5.402872872107833,3.8852564353894765
5.782713300696287,0.7626210088365158,3.507820022075176,3.2747032072057722,0.4486438257379682
0.6026156747999833,1.4301195173220442,1.1065792593014356,1.2408281520753026,1.146947277337959
0.2851267803686486,0.4376148298963192,0.9859982355622082,0.30410426427611814,3.231614442366184
0.31225793773485705,0.8399092827621107,1.4396800599160011,0.5019289166557098,0.5501500326344788
0.16034521972475052,0.7921708465035261,0.27999905983237433,0.6111870239958914,0.5532857852762972
2.036162402864549,2.360902613962814,0.2683017361364078,0.30251357320730654,0.34120012473391953
4.082985212928004,0.4059473734924237,1.0013709219835076,11.724940873485938,2.051278853150724
0.0936106679195761,1.7385321761692674,1.2008455969896503,1.7369834658095455,1.384226112831731
2.4376874064380134,4.862266188923195,0.9805983383226088,0.2423272715054679,0.7195574740527653
0.28509211965949194,0.4454329593715452,0.9462095435484722,0.1963979084879224,2.4390980265188906
2.001490565781013,0.2880079674672423,1.4964504691664535,0.25107832923576856,5.878013944460799
1.3776805995734511,1.2357525755694003,2.859114413622266,0.26340502774809504,0.7026520126175699
1.4200375817388038,4.832839573383026,5.8663047753471504,2.4766269966288745,0.8220917424632013
1.4794412629379905,1.7501706412740163,0.1430661615035005,0.049018135597256214,2.321471156134121
2.3920427277916945,4.951404568669186,0.4578605186987424,1.2856006554445027,2.0197331359090556
1.030348118406225,3.198305058240525,17.526534346381805,0.9485611189903136,0.35286514207284486
0.25954688549123284,1.3941468381870394,1.578236126855804,1.5052269815352957,1.7952755930443194
14.162027701486872,3.9180751317913427,1.273862751854765,8.642404073697298,1.5985308375060356
0.287707393758888,1.5567849711888264,0.21910670530307425,7.0803489161116495,0.5016544423607366
0.07459342301575488,0.22408516837811082,0.6473098263195033,0.6912832013498361,0.5297007855577696
12.242511301613675,0.4076718826943354,0.5732385053506003,3.599118005239165,1.7689898725554205
0.338721531268647,1.0485821267075202,0.4714991792968623,0.19974177824408365,5.631025751743619
6.869248693982457,0.8610136756137977,5.7179572279514606,0.7928736987186283,1.3044948224087767
1.559856255886209,0.5874601822851537,1.8866420292044668,3.5160482864405544,1.5560722603295198
0.6912862592906641,0.6036015178856555,0.0812409662063266,1.262385772151983,2.6437597870694716
0.8518653063815684,1.0428539330823658,0.24107008533428542,0.8807501493210056,0.8263709223278012
0.44556021711009525,1.8700345459414882,3.2607804158107743,3.3724970886744527,1.9385350414419125
0.8875125416496751,1.3656415372958088,3.0446545820334365,1.253366738539819,0.29568094698454206
1.81493817363856,2.5109957234420506,1.0998589451407184,0.47112781543193355,1.0235761765846794
2.138907080342992,3.049594040815553,0.4341684458967059,2.715536252172973,0.4435907816206933
3.9633393572869737,1.2429545867368608,2.3521168990015497,1.3413266790761602,0.5067745621894196
0.8219738101345386,0.5383169060862842,0.18333563081882187,4.970375405391579,1.265156292427783
7.174693708197503,0.18637931430369684,5.528196353010424,0.6352301132400432,0.22613203674299687
3.116704671974752,0.8563582498569761,0.26821544825766247,0.470362207800309,3.438480379728981
0.346863224001967,1.213807033178156,0.034379053910926445,0.619489568487844,3.763910105886501
0.8802359151343478,0.6969937096121798,1.9472834759376594,1.7256792255341558,0.3028483499976405
1.2440131427971415,0.6682651357569274,0.5660289435087408,0.47690420982986886,0.7684830746589855
0.8714178781350456,0.48042693346194376,0.6356874240352034,0.6752988439317895,1.6364259991714674
0.9345501327518607,0.5994354598523278,0.1702526204383826,0.1727076966054496,7.647822835536575
2.581646893684715,0.15151019358654952,5.0076152254943995,0.5783516977341893,3.6751732171551734
0.8491131254203205,0.20930666796265307,3.6515323809851763,12.572481906224272,1.1961756195820534
1.2355074329380098,0.48099423536924146,0.6540475688548483,0.30946254668213663,8.059987604042414
1.7869978963030693,0.1815048832402597,0.9142196114406657,1.4815176471711862,1.3911282713940962
1.629780415227594,2.06402066316041,0.28558687370895164,0.19127362409411364,2.167781803231167
1.1692681129445683,2.1206861972178954,0.8403641813566839,1.1206640288901586,0.717770733847961
0.5822524792026929,0.7329919302534529,1.260973693027365,1.0957962004993638,2.461889132509164
0.18961439387354398,0.49204085575281653,0.6448928423986666,0.9276405010082606,0.5505124222702293
0.5560757805272856,0.3797106908980884,0.24171995233217977,3.7347341478618343,2.4506433989372787
0.3468479807023715,0.766503586380959,1.61603909397003,1.9560765111457663,1.05245120934824
1.0830746903770878,3.039547132917959,0.9265654277589338,1.2643900309865839,2.754163687883131
0.3483137766854887,0.6481082827295036,0.7793673743636741,0.4113768945735036,0.5156463154803622
0.8205913013567012,3.265140464174257,0.2904305223503953,0.27092787319138273,0.2810271004114722
5.017944693040124,0.9714736530434235,0.23523677164987083,0.3440741148831538,0.4199583375825112
1.7553766589303204,3.4335295342029664,0.48452144360171534,0.3069618053558479,1.660603637616033
1.0744453790648505,1.7077209731336662,3.5250914654350245,0.1686004396796404,0.8265410588461138
4.401432375942946,1.8014098243086187,1.412363536877813,0.1806860872579126,0.17789408708991358
4.122010978017927,0.7793563172013876,1.0788120896938065,1.0756526050140858,0.6709350578027884
1.3498487134465271,0.30758719118094446,3.3948549920084097,2.0194810261243847,0.7963337070200782
2.7667125077740744,0.9097859980794466,0.5969833674781795,6.819988473279251,1.4310777479909882
0.3108460177777596,0.4831830074611208,0.8195348310249789,0.7871319515228652,0.06682844444359823
0.7602932675202089,1.817932194313851,2.3954515729253174,0.9330265217503247,1.5548391566237134
2.2427317456031974,3.4887751891806156,0.21188036723059794,0.42708085990979455,0.7908937784491725
1.6496113520262699,0.10120048687132864,0.3191360522056517,2.543088600508114,0.3329892281200616
0.9985213284468085,1.1979435976014194,3.9619770991495282,1.0070637922562655,1.4549727223766917
0.46828856214438,0.7048311632696121,0.3444939456714787,0.48249192901900256,3.560493435560928
0.22713522783759119,0.22934809139519688,4.840072484187903,2.741287226525208,0.5727104260008572
1.7819585092598125,0.714843061697155,1.353514996789469,0.9190247690119198,4.267972712383571
5.4036429582606775,0.9025075521111966,1.0159186752177938,0.4918718300262351,0.7547099287176903
0.7194432068838809,0.8643366928309191,1.1762164446787133,0.554944862575618,1.1510702666467674
0.48219625267346355,8.620189307435574,2.6003492991738537,1.850203983396433,0.7577443082341351
1.6519702026648477,0.9597428652058952,2.4600269924293134,1.9656431639778846,0.5540951701056605
7.972018913353173,0.621413075938283,1.9108461844516937,0.47286242095900866,0.3453098068948399
2.173101872357856,1.8954153755642202,1.8512130295119757,2.409520156030814,3.4949631913517116
0.6358867606062416,0.40199138393609657,0.7607606924765379,0.4820327634735289,2.8760442087866247
0.8650157215413845,0.7988785530303806,0.3322476035481717,0.8555639962510198,1.8933563467695613
1.3753033868203952,0.6792100950900238,2.370628413626483,2.4429019964971856,8.66636770014261
0.4916130158321673,3.834950031702017,0.9343083076000266,1.1150807272891632,2.0020340051008585
1.6993355677004776,0.3377681961941815,0.20124858681420732,0.48239488659587937,0.7388812524718132
0.2249174538501508,3.415712416309732,1.200654502818049,2.355367958922114,0.16190601892602113
0.7053427087448436,0.6655847761703058,1.2107356976848997,1.2745481118493667,1.158667306882313
0.39277351359735796,2.7828697187192044,5.156545273983765,1.7738124672163733,0.3510326225992186
1.413387277312738,1.3030322647498938,1.8038829347109029,0.24582530200263653,0.7637612146365244
0.5567932976509875,0.58757913897872,0.30829997585886404,8.55940037106029,11.637304556403693
6.356057770987385,0.15966628492765336,0.6443059563369481,2.615531990615492,0.8564442963399649
1.0454703073645355,0.20362343322061913,0.8798791245896708,1.2084297117579437,0.9152075049094285
2.592030819791553,0.4722056876456419,1.236409908428053,1.0416359544973224,1.9951953587252134
0.7261315401247355,2.475326994906791,1.0551581356083375,0.17711670616586866,0.16945676823261957
1.4498021368000118,0.08529259313234887,0.13976718357578766,0.4043849500551171,1.7820600377138314
0.9224778168296438,0.0686289143130638,0.2762582864034579,0.627838611105461,1.3569903914420383
1.0572685039842038,10.766222706388714,7.532644380758543,1.8459692510303418,0.8858565655133875
19.994025451351835,1.3442759972025373,0.9212709220934995,0.48406720418783655,0.4834414414287173
6.22240666252398,0.8238495512073928,0.11320004425716548,3.6550845010762765,1.8126479734032896
0.9174583258950294,3.3757826357149776,1.2601862783491113,2.8313863052267285,2.822708327068874
0.5195506955210295,0.5438609734639046,0.3396454769232204,0.41169863615731095,0.0748527485771515
2.12800955256788,1.6566090254807666,0.2922680768888376,1.201860996202143,2.1314043402367244
0.48274878020184986,2.7672682763684127,0.43788708456610265,1.7475271189909887,1.7016116041751606
1.1939126830490912,0.5132853539723935,1.177262932549363,0.7625124095759077,0.5449987066610146
1.5890244957555077,1.1514339786672085,2.6336424785887607,2.2889557404132064,0.3851230371971738
0.6794626167809575,0.1923570691322983,0.4785017461898604,0.16345642944540426,1.9014574014527865
0.4636958664650351,1.1320655019439239,2.7652112423351425,0.8090396733922794,0.8055422035918786
2.851061234305481,4.286957993154152,0.658839275529652,1.1467085314735406,1.3360058931875807
0.46054415601798077,0.3295584548198527,0.20263303876524935,0.14826858874042254,1.114238408711239
0.9669313242619022,3.690740183925609,0.36212861495495,3.6295728978332997,6.7014213579129285
1.5587832519519411,2.597898164679092,0.21858855342744127,2.6709877830549362,1.8321233657790434
0.32518230446549184,0.6405950681449077,2.234042925546918,1.5766566414440721,19.833061550857302
0.5360266148672331,1.2096742985539113,1.0138268691099925,1.7017863016809902,1.2673597170751878
0.7530373504253384,0.7890480358823485,0.4294936963990207,1.6700211347880667,2.3800010548064154
0.22897026100899148,0.6835175548586246,0.6350720479087548,0.39744208810273746,0.8321823596440469
1.8576700765506478,2.1999245791964843,0.3496067994347547,0.1666934960940961,2.4267133154884206
1.2956561137219813,0.5013288487963848,0.7041435846447858,4.777586379673129,0.9140899415784968
4.010538668748593,1.0779912910220004,0.3702846288207955,0.13510101343288497,0.24424476926439348
0.8355873770169315,2.5554004393500334,0.7440210204736144,1.780064705224227,0.4549346297077114
0.7521089161371971,0.9066910448156352,14.138303244909064,0.7122485156187564,2.1125325019542345
0.6721600156536921,0.5269455610306448,0.23992107326522522,1.8091940574182626,0.29962301049392215
1.2636375451219284,0.9557458178233655,1.3183952832438983,2.0878276983821475,5.601378730974185
0.6345218108228725,1.2171135828327182,1.7989961500243095,2.653013340694805,1.639188187396557
0.5857308147731198,2.1245316984323597,2.342260753416175,3.0387630843218347,1.779772357744836
1.7089599958424795,2.7607994602431067,0.305790986577173,2.2329547308201807,0.19282345194677075
0.8182155259700837,0.16819348811262924,0.6900867085383996,0.5523443196365445,0.5089441742685765
1.8505399725226417,6.210455081613352,3.6724856005780246,0.31835997553332546,7.3188633210741
1.4547938340912285,0.6157962541917541,0.7996028130324789,1.268533130325679,0.820921170652978
0.17517667639818585,0.5671063340636578,5.014181936906952,2.3350912015125873,0.8580926625889047
1.9511203109076387,0.34416885191807506,0.5836224872715999,0.4822441862347149,8.202201125499348
0.29160911213920065,0.6272435523674997,2.4357564404414482,0.14471875738712103,6.210967216366316
0.7345177102208157,1.2131179414362108,1.1605854654033783,3.9768049287394964,15.295726739265163
0.37310540588345537,1.1523482625012271,1.4332749811274819,0.8168413645817405,0.6247064582886661
1.3663805782076528,2.4630235671857115,0.6495233149716327,0.3151556532909746,2.8392878792965726
1.0727818822131636,1.505140212708329,0.6233446297160555,0.892740583374963,4.3015079248429835
0.48600387858579985,0.22496887907752067,0.6885789234298122,3.5639427276516296,1.3855602578492783
1.9619945054045118,0.3600479457062188,0.23681232614292355,1.2897955407225798,3.1706053346980902
2.1928001317686476,2.504361771013659,1.4403405089562182,0.3183982377747675,0.7909372322426678
0.8173686822531578,1.111766775322307,8.927953439645982,4.528924542850053,2.3320844700901127
0.7631629248414169,1.4839207033767354,0.48113041618842495,1.1854914690128953,1.231067239549651
0.27011118709516124,0.17194948097103,0.9612413658670098,0.6657581550936584,2.7644784661840625
0.31584131954523975,1.1052842739747462,2.252596524242174,4.040138458786806,3.751142423095667
3.073049143832476,0.7426947040351716,2.527836739563424,1.7080662547970444,0.3469574009506647
0.6569347171400761,0.05822560678812162,0.6929698222291523,0.5705226229875341,4.628686919992118
2.4132652299678,2.1759883369086515,0.948800175987643,0.750138899638453,0.5597668119145657
1.2284189376118124,0.14300140561064967,0.8633956251698042,0.5359128450777125,1.9387076685792142
1.8318518400011825,0.4558053353959348,0.7883251194824555,1.7657804592989998,10.546303444514981
3.65554169601067,0.4752019431447596,3.114375917498551,0.10987449526771198,0.506632140653162
0.8061686573378748,0.9389211216574291,0.7353905307037708,12.697709362364371,2.215126291677838
1.5101358201668424,0.22386322529734956,1.5952310022238188,3.762583201160844,0.26573330678252133
0.7195323956377188,1.8551636462201269,0.36825534425657525,0.744039049790315,1.293801688815357
1.7173440121509915,0.7887496957305686,1.3668113188726732,1.1305718693173699,0.6305523647236275
0.6781082777508857,3.531803833762462,1.4892226243770528,1.5293372538906838,5.241309627532182
0.07081858976984887,0.4758291324698536,0.4080071323224434,1.408055699412612,0.43659483575846325
1.801087761467259,2.8152240213988007,0.8244095897164629,1.5505479457463731,0.4695706956683598
2.7775035787864177,0.25254091743427853,2.0032965365316855,1.174793243149084,2.366228081799666
0.3048071318901385,0.41772997966670466,0.6022161349455175,0.2594534333412917,0.6322851309433112
8.40500116375307,1.1831257275936369,0.6087303469058816,2.9555275108045262,0.27066925030286487
0.5395902334194752,3.0276378961090633,0.17417781813023386,0.5538373803133089,0.7547803486031102
1.3386501472880785,1.6526993371783412,2.3995013025363545,1.2977633815655443,2.129275570504742
0.42873595252814917,0.6416941439569763,2.2578001071675566,0.9104314526131347,1.591316357772041
2.5445657554572714,7.397992824606089,0.48178396450904215,6.513321143975863,0.634406763841815
0.22679991225982787,0.39077463635537707,0.6643995455783427,0.47932618938612986,0.5572166477864727
2.5042840413328697,0.9372220224996017,4.338814996369146,0.7788046476528605,11.533222269258951
0.2636737438353403,8.77878968003194,1.8700367780229428,8.925318484856621,0.5478202158545954
1.9733655031005657,0.7055405709255598,6.13152320414355,0.4075405335092457,0.5189702372804716
0.8105812678830846,5.161658980816277,0.5510647164500615,1.1241794934255753,0.20722352168398403
1.841841061777398,0.8125578339685713,1.948024537189352,3.8814813971558486,0.28882997146357503
0.9629974976370497,2.6973173562331842,0.2248465466691846,4.78587996402007,0.1776412777246031
0.5530048617174224,0.8367117947622048,1.2855639721303203,2.042729977262662,0.42136860244632474
0.3145525693808337,3.74669817941418,1.2017032107892875,0.8940207130312624,1.4718248571415202
4.189811091265996,32.614211298267925,0.9322205114020309,0.536086881663005,0.9254237716186366
0.5447514378822081,0.7548318817199585,2.2493290664633623,2.0795419404076676,0.549041145563905
2.209006687555454,3.3410403223947998,0.9841604296445754,0.43817834751468565,0.9274482673897839
3.3045447124752534,0.7621872656268441,3.442991552097947,1.0472566361211535,2.0460782204336616
0.4805162677250776,1.6820232736849532,2.57653782750307,0.5237299841847345,2.684488585022317
7.426615130989299,1.0671114991294914,1.9097359978695991,0.4614355716018822,0.3415029083684251
1.2241023875550279,0.16504692429081275,0.2861027624879228,2.120402754636039,0.2802454921023141
0.4877568966024704,0.34662758527941717,0.9185025237380088,0.4286178062229319,1.3403650459009466
0.10339483067676032,0.10419907997586744,0.7777217075809101,0.9799846114828014,1.8428145294846496
0.3062371989922021,4.677078365067986,0.5204475453620385,0.35975846426981994,0.35046382327428593
0.6203679035505012,0.697051833703518,2.550980238696597,0.46145860731717064,1.2101055268650858
1.7057851980073162,0.20674230211992914,2.324349027014557,0.4717421114139495,1.5207719331186984
0.34075466412737704,1.023076013168961,1.0384048106791397,0.5278938830594031,0.12047105386229257
1.702808665091676,0.5749650801336096,0.15553820173880756,3.8102297123066853,0.46640964330727863
0.3675921204780363,0.9191228016341161,0.9557302826217419,1.1017941686714756,0.788817919689817
0.7259378874715625,2.441741414983127,0.5669198362387421,1.3174946170978346,0.6601947286033857
0.6732939914057331,1.5130462976075936,1.782478196241649,0.5894310626227516,0.8267853318229569
1.8675230150465043,5.95275049424827,2.824017029749414,1.7934578270820196,2.8961514267071027
0.6665310244418288,1.3482306578380279,1.686342186652637,0.5146897786868186,0.8345569872330105
0.7339694067577618,0.4001246929424956,2.7226162144407584,2.0891610286599933,3.027686092544047
0.7957133220606678,0.6121805870344729,2.4921346936032736,1.1953694334259761,0.6654975132342186
5.249551742104575,0.19471338300869848,0.9191992288484692,2.3580866351047955,4.676798242906235
0.5063771979268408,0.5222013573804646,1.2872594802614927,0.7185106055744637,0.3594459631807452
1.3675637373946752,0.18122709622529498,0.9310042734402267,1.0496603657470605,0.3576590259989094
0.8939595515317912,0.7089494468025266,3.3403031603846762,0.1939415064151008,0.5477638481689794
0.683674379557102,2.2188724305980148,0.6881945609429814,0.11552343306401709,0.9437860400144475
0.7907525494254662,2.362682969310534,4.122500418370067,4.040856339128843,4.738309834922979
0.2582996996618713,0.5983064858734055,0.7912653960792156,0.19624549801033114,1.0723500673616044
0.26622563750194217,0.5901700404250627,0.6814815667316797,5.779526257432192,1.1678247770347017
2.7042783756835123,0.8337382577238224,0.07323605296606767,1.3416789143026941,0.9655214618157829
3.0216515572002596,2.9184675346972146,1.14046301453295,0.2886095043877014,3.2107784916739948
0.21572298655354463,5.156992301479116,6.48239508615555,1.048961885210547,0.8174417583133561
1.9677285216068203,0.2635159489520776,1.5633659994776128,1.5667386643370116,1.351523970763559
4.8375491217392215,1.0664223763240568,0.5748514907667774,5.159421423059831,0.46997353256967805
0.18123250857547032,1.4794116714313745,3.096583106092735,1.796383463493293,0.36251899823841083
2.394287163529035,1.0773859351752908,2.2146389975805243,2.294368041162641,0.6868344624644842
1.7990527512458967,0.22628825526712673,0.8651290777476452,0.8355147812682309,0.6364931807992079
0.3674417797761417,0.6372909148769875,2.1341276982348987,0.9967252490500368,1.091787625628699
0.442637411205366,0.41711417641404347,0.46306418703220986,6.217755346870292,1.1462006680074468
0.2874382714059947,0.4169450564733276,4.96351241155748,3.6032570750031034,0.08819723632909707
58.64249664586331,0.5486645397146863,0.452948220909717,1.5438746702832125,0.47791100801984615
0.3100377846229889,2.477379655080147,0.48919233875871343,1.6691910406662693,2.328247575580288
1.1122968127938677,2.7780830042643516,0.7170731203542281,1.5544016638262297,0.2976876815281932
0.7672167965781183,0.36035899366797763,0.4447303783370285,1.285533381767839,0.6565059443879363
0.5596829757364011,5.21163645225835,0.9269609274026217,0.15326959943146096,1.1933005509220453
0.36810023494220234,2.7390323078767604,5.717550971620317,1.3343399767148485,0.441565719017037
1.0419574212500242,1.031734366804251,0.35632337366978895,1.6060212777922367,3.9493439642598167
1.9631241579491037,0.3498278122761691,0.581338727449363,2.6840169904961084,4.102220951385487
0.5025994517591121,0.6625982949598183,0.46873047302699633,1.0655049276056854,0.7634786017027222
0.1826382222520803,4.6137033246387915,2.1098462274292165,0.6512587214459485,1.9817929005924062
0.6612593158118824,0.6949422310575301,2.316313703567581,1.4864072474765093,0.6886493267340684
0.6375472001144726,1.890449004256421,0.4571697705814566,2.2140301704019176,2.822130359392743
0.590886032128579,1.6808977780733727,1.5522781313399954,1.748997360420677,2.294641564591459
1.10960862653586,2.6151756717009644,2.901912364332916,1.2588796370012614,0.10118287606025601
0.9417993498493987,1.6021376627261685,0.6242156109834639,0.39261516031269494,1.2356680237144124
0.8927798667318753,0.16919907531506148,11.757433122951227,0.6761576146149701,0.39350073438393
0.5210751087013737,0.6405532723552201,2.371656748062856,1.4068052954924912,0.471824450685788
0.9889650270906335,2.1231254424491772,0.5428597731847524,0.7620718551898187,0.4168867269823482
2.578553271310425,1.223066231979739,1.6623431648787046,0.3031014312719939,0.5632999028485692
0.924890902382057,0.8319339606689451,0.4784030377695193,3.109962564532604,1.2175187306710513
0.8597067319589211,1.8837984896775386,0.5675002795403754,0.9004564484115135,2.11419366022477
1.0242691018308427,1.4260597873634433,1.1158340590413298,0.19377346059641598,5.211225607953553
0.9353785497225576,0.06244021277130835,4.470221735156694,4.398219462728738,3.567854382365149
0.903811103405593,0.9063331397117077,1.5975539924753008,0.5592773337963751,0.24866138520380865
0.28663033913979447,3.4136911801433323,3.393103977813706,2.8350494188622015,1.1102079526422959
3.686986255422489,0.07658771896195535,1.207013081084316,6.404130574688081,1.247316296398473
1.1346867799051252,9.970994514195025,0.5111161099319668,3.3176425945784223,2.2266224649940325
2.1001180939485184,0.5341302105337447,2.089356518398403,0.914642439145289,2.261332745746172
1.1034058832796834,10.884493804722885,0.22728841851837758,0.8921201085749271,1.335461534726019
0.8496494488697302,1.2272833219708712,3.4996761288272,0.43432321810844293,0.40488036198225913
0.34470935309141226,1.36944263648094,13.83698946083134,2.353749844356848,0.9185090636575185
0.6003499062070863,2.3500849497534775,9.638986095268208,0.9259898179537946,3.1257204931492257
0.4537968786104163,2.0582287000819766,0.8950099658446858,1.7550063137639709,1.734502895257849
0.49456899499662776,5.782305173234901,0.5707895599350343,0.15494135072905565,2.2814578110699557
0.35219321982789104,5.957525636152627,1.7436485628620875,1.679767125341042,1.737246136959337
1.917823126462512,0.6912276563366057,1.4060654610734604,0.1925442004307649,0.4648754983889224
1.128408082123509,1.5813890324172017,0.5118204470954181,0.20312922845407091,0.9299401069354104
0.30192033483125874,0.15475527254264573,4.898600575835993,1.766818112930885,0.3384389859074656
0.3268287566119908,0.5194795033839381,2.023573551702939,4.207317098813647,1.6405858788074326
2.389410981323828,1.0456029778165044,0.3938898815372331,0.6916788666777037,0.2930487954467733
0.5471286462083353,0.742944055721375,0.2633030013415417,0.7908946956859193,1.2540230728526192
2.200471951773424,2.155467571048122,0.844016784135701,1.0958770243744629,0.8852268620897955
1.0543376755487708,2.2892134408558205,0.7188735893341354,0.16549560976884994,1.9169781714021428
0.5307033630771248,1.9261559371363797,3.837460217112546,0.2824609539574205,1.6056760461187711
0.4238291351307807,0.4140837148979822,3.331000194849136,3.4465311425309375,0.26459163024049265
1.0215858677010896,2.688157212193805,1.2723302325582297,1.2736442416743283,2.116838723164058
0.903823790749979,1.1518172229673378,0.9646729611458917,0.31093922879046165,0.6294489549424603
1.66457706269006,7.217201681021687,1.6828006871996426,0.8784938947406074,2.203182323336886
1.0542834694849343,0.6514577627355026,4.2689513869494,0.38791333047850346,3.2601951706027803
2.296536691382836,3.586367743240144,0.5667368567684609,1.2459311433153042,0.1887644144102935
0.6291645830183337,2.246686850343725,0.8437883225679678,0.33141034913418527,1.251063509051109
1.8891568923510573,0.9594489472227414,0.35786524548795734,3.31069914985357,0.5352480497137848
2.185987725172643,1.1542386458807017,0.6400728716575208,0.5556250323651716,0.6305508380152648
2.519923546508163,0.81312613986207,1.5360397721463501,4.62503995759289,2.999935914944177
1.4807629744297655,2.087121197971712,1.1490191179405644,0.19748534573283427,0.5273801042251364
0.2045005031235025,7.704953189961284,0.9893211668807681,1.0242063570020565,1.321315639447163
0.4971674476280684,1.9579104315004334,7.406887474549717,1.1719463137560138,1.3110381887231508
0.2060200334385553,0.4120483692986444,1.7726109210812906,8.959928493654015,0.4606740123826512
0.2747486396998006,0.26236973445259204,2.8443620232323896,1.0101671822636475,1.3861016986692332
1.4851078433693372,1.4219182172589748,2.764559084423874,4.540839222388474,0.6690330589564188
0.47855790201053844,12.782153423720555,1.381280356121829,0.5351556294294824,0.7859159383397588
1.6066334974675407,7.006838080378455,0.7632560444827109,0.10944012706849561,1.8586189667346789
2.4633665578710033,0.2485864160060242,0.5091219197992545,1.0429057168017921,1.4995701138846693
1.4884564087254248,1.0940856380880344,4.381641909574001,0.34742242710202786,2.251556371760403
3.4256733130509605,2.3301298866463385,2.99896544137998,3.0446084367602646,0.6219586046838987
1.311357899090488,0.433356734101186,1.7199886123083994,0.34693488369677045,0.548926196415811
3.64725216430341,1.2658768179902768,0.22510332702016,0.0816349925134962,0.42531062485383947
0.2262006783164367,1.679449167739368,0.14111758842971775,0.36423860723016027,1.0245152697483786
0.7342893795679283,3.050061700363608,4.597162377176981,0.8458121028169218,7.271002044158868
0.9899349842398242,3.216233271293667,0.5653952462643609,2.318408712046423,0.32232277157885014
0.9379683714606982,5.113204590603782,8.01607679684739,0.5108205656832876,2.868486639694282
1.0335823361419318,1.1886699016070537,3.4610770801812203,1.7373708930197893,0.395132081214672
0.39520092113721367,1.02195591455134,1.8957622701644887,2.4583191329807366,0.7508911194442567
1.0212938382252383,0.7168472458125265,3.0930523651174613,3.2884839223144637,8.048393956299872
8.382496265577219,0.6052321165463023,2.30960126073569,0.3731500927923374,0.2686985140029986
1.906448052619104,0.7534150431463402,2.835298307798656,2.762487023884261,3.7761914011916957
1.277952041372627,0.21468034405468578,1.376945620111726,1.9196598514915937,0.626291467679767
